id,tradingsymbol,instrument_type,strike,expiry,instrument_token,lot_size,exchange_token,index_name,tick_size,last_updated
0,NIFTY 50,INDEX,,,256265,0,1001,NIFTY,,2026-03-23
1,NIFTY26MARFUT,FUT,0,2026-03-30,13238786,65,51714,NIFTY,0.1,
2,NIFTY26APRFUT,FUT,0,2026-04-28,17072898,65,66691,NIFTY,0.1,
3,NIFTY26MAYFUT,FUT,0,2026-05-26,16914178,65,66071,NIFTY,0.1,
4,NIFTY2632422500CE,CE,22500,2026-03-24,15983106,65,62434,NIFTY,0.05,
5,NIFTY2632422500PE,PE,22500,2026-03-24,15983362,65,62435,NIFTY,0.05,
6,NIFTY2632422550CE,CE,22550,2026-03-24,15983618,65,62436,NIFTY,0.05,
7,NIFTY2632422550PE,PE,22550,2026-03-24,15983874,65,62437,NIFTY,0.05,
8,NIFTY2632422450CE,CE,22450,2026-03-24,15976194,65,62407,NIFTY,0.05,
9,NIFTY2632422450PE,PE,22450,2026-03-24,15976450,65,62408,NIFTY,0.05,
10,NIFTY2632422600CE,CE,22600,2026-03-24,15999490,65,62498,NIFTY,0.05,
11,NIFTY2632422600PE,PE,22600,2026-03-24,15999746,65,62499,NIFTY,0.05,
12,NIFTY2632422400CE,CE,22400,2026-03-24,15975170,65,62403,NIFTY,0.05,
13,NIFTY2632422400PE,PE,22400,2026-03-24,15975938,65,62406,NIFTY,0.05,
14,NIFTY2632422650CE,CE,22650,2026-03-24,16002050,65,62508,NIFTY,0.05,
15,NIFTY2632422650PE,PE,22650,2026-03-24,16002306,65,62509,NIFTY,0.05,
16,NIFTY2632422350CE,CE,22350,2026-03-24,15973634,65,62397,NIFTY,0.05,
17,NIFTY2632422350PE,PE,22350,2026-03-24,15973890,65,62398,NIFTY,0.05,
18,NIFTY2632422700CE,CE,22700,2026-03-24,16014082,65,62555,NIFTY,0.05,
19,NIFTY2632422700PE,PE,22700,2026-03-24,16014338,65,62556,NIFTY,0.05,
20,NIFTY2632422300CE,CE,22300,2026-03-24,15973122,65,62395,NIFTY,0.05,
21,NIFTY2632422300PE,PE,22300,2026-03-24,15973378,65,62396,NIFTY,0.05,
22,NIFTY2632422750CE,CE,22750,2026-03-24,16014594,65,62557,NIFTY,0.05,
23,NIFTY2632422750PE,PE,22750,2026-03-24,16015618,65,62561,NIFTY,0.05,
24,NIFTY2632422250CE,CE,22250,2026-03-24,15972610,65,62393,NIFTY,0.05,
25,NIFTY2632422250PE,PE,22250,2026-03-24,15972866,65,62394,NIFTY,0.05,
26,NIFTY2632422800CE,CE,22800,2026-03-24,16015874,65,62562,NIFTY,0.05,
27,NIFTY2632422800PE,PE,22800,2026-03-24,16016130,65,62563,NIFTY,0.05,
28,NIFTY2632422200CE,CE,22200,2026-03-24,15971074,65,62387,NIFTY,0.05,
29,NIFTY2632422200PE,PE,22200,2026-03-24,15972354,65,62392,NIFTY,0.05,
30,NIFTY2632422850CE,CE,22850,2026-03-24,16016386,65,62564,NIFTY,0.05,
31,NIFTY2632422850PE,PE,22850,2026-03-24,16016642,65,62565,NIFTY,0.05,
32,NIFTY2632422150CE,CE,22150,2026-03-24,15970562,65,62385,NIFTY,0.05,
33,NIFTY2632422150PE,PE,22150,2026-03-24,15970818,65,62386,NIFTY,0.05,
34,NIFTY2632422900PE,PE,22900,2026-03-24,16017154,65,62567,NIFTY,0.05,
35,NIFTY2632427550CE,CE,27550,2026-03-24,16123906,65,62984,NIFTY,0.05,
36,NIFTY2632427550PE,PE,27550,2026-03-24,16124162,65,62985,NIFTY,0.05,
37,NIFTY2632427500CE,CE,27500,2026-03-24,16123394,65,62982,NIFTY,0.05,
38,NIFTY2632427500PE,PE,27500,2026-03-24,16123650,65,62983,NIFTY,0.05,
39,NIFTY2632427450CE,CE,27450,2026-03-24,16122882,65,62980,NIFTY,0.05,
40,NIFTY2632427450PE,PE,27450,2026-03-24,16123138,65,62981,NIFTY,0.05,
41,NIFTY2632427400CE,CE,27400,2026-03-24,16120322,65,62970,NIFTY,0.05,
42,NIFTY2632427400PE,PE,27400,2026-03-24,16120578,65,62971,NIFTY,0.05,
43,NIFTY2632427350CE,CE,27350,2026-03-24,16118274,65,62962,NIFTY,0.05,
44,NIFTY2632427350PE,PE,27350,2026-03-24,16118530,65,62963,NIFTY,0.05,
45,NIFTY2632427300CE,CE,27300,2026-03-24,16117250,65,62958,NIFTY,0.05,
46,NIFTY2632427300PE,PE,27300,2026-03-24,16117506,65,62959,NIFTY,0.05,
47,NIFTY2632427250CE,CE,27250,2026-03-24,16113154,65,62942,NIFTY,0.05,
48,NIFTY2632427250PE,PE,27250,2026-03-24,16113410,65,62943,NIFTY,0.05,
49,NIFTY2632427200CE,CE,27200,2026-03-24,16112642,65,62940,NIFTY,0.05,
50,NIFTY2632427200PE,PE,27200,2026-03-24,16112898,65,62941,NIFTY,0.05,
51,NIFTY2632427150CE,CE,27150,2026-03-24,16112130,65,62938,NIFTY,0.05,
52,NIFTY2632427150PE,PE,27150,2026-03-24,16112386,65,62939,NIFTY,0.05,
53,NIFTY2632427100CE,CE,27100,2026-03-24,16098818,65,62886,NIFTY,0.05,
54,NIFTY2632427100PE,PE,27100,2026-03-24,16111106,65,62934,NIFTY,0.05,
55,NIFTY2632427050CE,CE,27050,2026-03-24,16098306,65,62884,NIFTY,0.05,
56,NIFTY2632427050PE,PE,27050,2026-03-24,16098562,65,62885,NIFTY,0.05,
57,NIFTY2632427000CE,CE,27000,2026-03-24,16097794,65,62882,NIFTY,0.05,
58,NIFTY2632427000PE,PE,27000,2026-03-24,16098050,65,62883,NIFTY,0.05,
59,NIFTY2632426950CE,CE,26950,2026-03-24,16097282,65,62880,NIFTY,0.05,
60,NIFTY2632426950PE,PE,26950,2026-03-24,16097538,65,62881,NIFTY,0.05,
61,NIFTY2632426900CE,CE,26900,2026-03-24,16096002,65,62875,NIFTY,0.05,
62,NIFTY2632426900PE,PE,26900,2026-03-24,16096770,65,62878,NIFTY,0.05,
63,NIFTY2632426850CE,CE,26850,2026-03-24,16095490,65,62873,NIFTY,0.05,
64,NIFTY2632426850PE,PE,26850,2026-03-24,16095746,65,62874,NIFTY,0.05,
65,NIFTY2632426800CE,CE,26800,2026-03-24,16094978,65,62871,NIFTY,0.05,
66,NIFTY2632426800PE,PE,26800,2026-03-24,16095234,65,62872,NIFTY,0.05,
67,NIFTY2632426750CE,CE,26750,2026-03-24,16094210,65,62868,NIFTY,0.05,
68,NIFTY2632426750PE,PE,26750,2026-03-24,16094466,65,62869,NIFTY,0.05,
69,NIFTY2632426700CE,CE,26700,2026-03-24,16093698,65,62866,NIFTY,0.05,
70,NIFTY2632426700PE,PE,26700,2026-03-24,16093954,65,62867,NIFTY,0.05,
71,NIFTY2632426650CE,CE,26650,2026-03-24,16093186,65,62864,NIFTY,0.05,
72,NIFTY2632426650PE,PE,26650,2026-03-24,16093442,65,62865,NIFTY,0.05,
73,NIFTY2632426600CE,CE,26600,2026-03-24,16092674,65,62862,NIFTY,0.05,
74,NIFTY2632426600PE,PE,26600,2026-03-24,16092930,65,62863,NIFTY,0.05,
75,NIFTY2632426550CE,CE,26550,2026-03-24,16092162,65,62860,NIFTY,0.05,
76,NIFTY2632426550PE,PE,26550,2026-03-24,16092418,65,62861,NIFTY,0.05,
77,NIFTY2632426500CE,CE,26500,2026-03-24,16091650,65,62858,NIFTY,0.05,
78,NIFTY2632426500PE,PE,26500,2026-03-24,16091906,65,62859,NIFTY,0.05,
79,NIFTY2632426450CE,CE,26450,2026-03-24,16090626,65,62854,NIFTY,0.05,
80,NIFTY2632426450PE,PE,26450,2026-03-24,16090882,65,62855,NIFTY,0.05,
81,NIFTY2632426400CE,CE,26400,2026-03-24,16090114,65,62852,NIFTY,0.05,
82,NIFTY2632426400PE,PE,26400,2026-03-24,16090370,65,62853,NIFTY,0.05,
83,NIFTY2632426350CE,CE,26350,2026-03-24,16089602,65,62850,NIFTY,0.05,
84,NIFTY2632426350PE,PE,26350,2026-03-24,16089858,65,62851,NIFTY,0.05,
85,NIFTY2632426300CE,CE,26300,2026-03-24,16089090,65,62848,NIFTY,0.05,
86,NIFTY2632426300PE,PE,26300,2026-03-24,16089346,65,62849,NIFTY,0.05,
87,NIFTY2632426250CE,CE,26250,2026-03-24,16087298,65,62841,NIFTY,0.05,
88,NIFTY2632426250PE,PE,26250,2026-03-24,16087554,65,62842,NIFTY,0.05,
89,NIFTY2632426200CE,CE,26200,2026-03-24,16086786,65,62839,NIFTY,0.05,
90,NIFTY2632426200PE,PE,26200,2026-03-24,16087042,65,62840,NIFTY,0.05,
91,NIFTY2632426150CE,CE,26150,2026-03-24,16084482,65,62830,NIFTY,0.05,
92,NIFTY2632426150PE,PE,26150,2026-03-24,16086530,65,62838,NIFTY,0.05,
93,NIFTY2632426100CE,CE,26100,2026-03-24,16083458,65,62826,NIFTY,0.05,
94,NIFTY2632426100PE,PE,26100,2026-03-24,16083714,65,62827,NIFTY,0.05,
95,NIFTY2632426050CE,CE,26050,2026-03-24,16080898,65,62816,NIFTY,0.05,
96,NIFTY2632426050PE,PE,26050,2026-03-24,16083202,65,62825,NIFTY,0.05,
97,NIFTY2632426000CE,CE,26000,2026-03-24,16079874,65,62812,NIFTY,0.05,
98,NIFTY2632426000PE,PE,26000,2026-03-24,16080130,65,62813,NIFTY,0.05,
99,NIFTY2632425950CE,CE,25950,2026-03-24,16079362,65,62810,NIFTY,0.05,
100,NIFTY2632425950PE,PE,25950,2026-03-24,16079618,65,62811,NIFTY,0.05,
101,NIFTY2632425900CE,CE,25900,2026-03-24,16078338,65,62806,NIFTY,0.05,
102,NIFTY2632425900PE,PE,25900,2026-03-24,16078594,65,62807,NIFTY,0.05,
103,NIFTY2632425850CE,CE,25850,2026-03-24,16077314,65,62802,NIFTY,0.05,
104,NIFTY2632425850PE,PE,25850,2026-03-24,16077570,65,62803,NIFTY,0.05,
105,NIFTY2632425800CE,CE,25800,2026-03-24,16075522,65,62795,NIFTY,0.05,
106,NIFTY2632425800PE,PE,25800,2026-03-24,16076034,65,62797,NIFTY,0.05,
107,NIFTY2632425750CE,CE,25750,2026-03-24,16075010,65,62793,NIFTY,0.05,
108,NIFTY2632425750PE,PE,25750,2026-03-24,16075266,65,62794,NIFTY,0.05,
109,NIFTY2632425700CE,CE,25700,2026-03-24,16074498,65,62791,NIFTY,0.05,
110,NIFTY2632425700PE,PE,25700,2026-03-24,16074754,65,62792,NIFTY,0.05,
111,NIFTY2632425650CE,CE,25650,2026-03-24,16073986,65,62789,NIFTY,0.05,
112,NIFTY2632425650PE,PE,25650,2026-03-24,16074242,65,62790,NIFTY,0.05,
113,NIFTY2632425600CE,CE,25600,2026-03-24,16069890,65,62773,NIFTY,0.05,
114,NIFTY2632425600PE,PE,25600,2026-03-24,16070914,65,62777,NIFTY,0.05,
115,NIFTY2632425550CE,CE,25550,2026-03-24,16069378,65,62771,NIFTY,0.05,
116,NIFTY2632425550PE,PE,25550,2026-03-24,16069634,65,62772,NIFTY,0.05,
117,NIFTY2632425500CE,CE,25500,2026-03-24,16067842,65,62765,NIFTY,0.05,
118,NIFTY2632425500PE,PE,25500,2026-03-24,16068098,65,62766,NIFTY,0.05,
119,NIFTY2632425450CE,CE,25450,2026-03-24,16067330,65,62763,NIFTY,0.05,
120,NIFTY2632425450PE,PE,25450,2026-03-24,16067586,65,62764,NIFTY,0.05,
121,NIFTY2632425400CE,CE,25400,2026-03-24,16062722,65,62745,NIFTY,0.05,
122,NIFTY2632425400PE,PE,25400,2026-03-24,16067074,65,62762,NIFTY,0.05,
123,NIFTY2632425350CE,CE,25350,2026-03-24,16061186,65,62739,NIFTY,0.05,
124,NIFTY2632425350PE,PE,25350,2026-03-24,16062466,65,62744,NIFTY,0.05,
125,NIFTY2632425300CE,CE,25300,2026-03-24,16060674,65,62737,NIFTY,0.05,
126,NIFTY2632425300PE,PE,25300,2026-03-24,16060930,65,62738,NIFTY,0.05,
127,NIFTY2632425250CE,CE,25250,2026-03-24,16059138,65,62731,NIFTY,0.05,
128,NIFTY2632425250PE,PE,25250,2026-03-24,16059394,65,62732,NIFTY,0.05,
129,NIFTY2632425200CE,CE,25200,2026-03-24,16055810,65,62718,NIFTY,0.05,
130,NIFTY2632425200PE,PE,25200,2026-03-24,16056066,65,62719,NIFTY,0.05,
131,NIFTY2632425150CE,CE,25150,2026-03-24,16055298,65,62716,NIFTY,0.05,
132,NIFTY2632425150PE,PE,25150,2026-03-24,16055554,65,62717,NIFTY,0.05,
133,NIFTY2632425100CE,CE,25100,2026-03-24,16054786,65,62714,NIFTY,0.05,
134,NIFTY2632425100PE,PE,25100,2026-03-24,16055042,65,62715,NIFTY,0.05,
135,NIFTY2632425050CE,CE,25050,2026-03-24,16054274,65,62712,NIFTY,0.05,
136,NIFTY2632425050PE,PE,25050,2026-03-24,16054530,65,62713,NIFTY,0.05,
137,NIFTY2632425000CE,CE,25000,2026-03-24,16053762,65,62710,NIFTY,0.05,
138,NIFTY2632425000PE,PE,25000,2026-03-24,16054018,65,62711,NIFTY,0.05,
139,NIFTY2632424950CE,CE,24950,2026-03-24,16052738,65,62706,NIFTY,0.05,
140,NIFTY2632424950PE,PE,24950,2026-03-24,16052994,65,62707,NIFTY,0.05,
141,NIFTY2632424900CE,CE,24900,2026-03-24,16049666,65,62694,NIFTY,0.05,
142,NIFTY2632424900PE,PE,24900,2026-03-24,16050434,65,62697,NIFTY,0.05,
143,NIFTY2632424850CE,CE,24850,2026-03-24,16048642,65,62690,NIFTY,0.05,
144,NIFTY2632424850PE,PE,24850,2026-03-24,16049410,65,62693,NIFTY,0.05,
145,NIFTY2632424800CE,CE,24800,2026-03-24,16048130,65,62688,NIFTY,0.05,
146,NIFTY2632424800PE,PE,24800,2026-03-24,16048386,65,62689,NIFTY,0.05,
147,NIFTY2632424750CE,CE,24750,2026-03-24,16047618,65,62686,NIFTY,0.05,
148,NIFTY2632424750PE,PE,24750,2026-03-24,16047874,65,62687,NIFTY,0.05,
149,NIFTY2632424700CE,CE,24700,2026-03-24,16047106,65,62684,NIFTY,0.05,
150,NIFTY2632424700PE,PE,24700,2026-03-24,16047362,65,62685,NIFTY,0.05,
151,NIFTY2632424650CE,CE,24650,2026-03-24,16046594,65,62682,NIFTY,0.05,
152,NIFTY2632424650PE,PE,24650,2026-03-24,16046850,65,62683,NIFTY,0.05,
153,NIFTY2632424600CE,CE,24600,2026-03-24,16046082,65,62680,NIFTY,0.05,
154,NIFTY2632424600PE,PE,24600,2026-03-24,16046338,65,62681,NIFTY,0.05,
155,NIFTY2632424550CE,CE,24550,2026-03-24,16044546,65,62674,NIFTY,0.05,
156,NIFTY2632424550PE,PE,24550,2026-03-24,16045314,65,62677,NIFTY,0.05,
157,NIFTY2632424500CE,CE,24500,2026-03-24,16042498,65,62666,NIFTY,0.05,
158,NIFTY2632424500PE,PE,24500,2026-03-24,16044290,65,62673,NIFTY,0.05,
159,NIFTY2632424450CE,CE,24450,2026-03-24,16041986,65,62664,NIFTY,0.05,
160,NIFTY2632424450PE,PE,24450,2026-03-24,16042242,65,62665,NIFTY,0.05,
161,NIFTY2632424400CE,CE,24400,2026-03-24,16041474,65,62662,NIFTY,0.05,
162,NIFTY2632424400PE,PE,24400,2026-03-24,16041730,65,62663,NIFTY,0.05,
163,NIFTY2632424350CE,CE,24350,2026-03-24,16040962,65,62660,NIFTY,0.05,
164,NIFTY2632424350PE,PE,24350,2026-03-24,16041218,65,62661,NIFTY,0.05,
165,NIFTY2632424300CE,CE,24300,2026-03-24,16037890,65,62648,NIFTY,0.05,
166,NIFTY2632424300PE,PE,24300,2026-03-24,16040706,65,62659,NIFTY,0.05,
167,NIFTY2632424250CE,CE,24250,2026-03-24,16037378,65,62646,NIFTY,0.05,
168,NIFTY2632424250PE,PE,24250,2026-03-24,16037634,65,62647,NIFTY,0.05,
169,NIFTY2632424200CE,CE,24200,2026-03-24,16036866,65,62644,NIFTY,0.05,
170,NIFTY2632424200PE,PE,24200,2026-03-24,16037122,65,62645,NIFTY,0.05,
171,NIFTY2632424150CE,CE,24150,2026-03-24,16036354,65,62642,NIFTY,0.05,
172,NIFTY2632424150PE,PE,24150,2026-03-24,16036610,65,62643,NIFTY,0.05,
173,NIFTY2632424100CE,CE,24100,2026-03-24,16033282,65,62630,NIFTY,0.05,
174,NIFTY2632424100PE,PE,24100,2026-03-24,16036098,65,62641,NIFTY,0.05,
175,NIFTY2632424050CE,CE,24050,2026-03-24,16031746,65,62624,NIFTY,0.05,
176,NIFTY2632424050PE,PE,24050,2026-03-24,16032002,65,62625,NIFTY,0.05,
177,NIFTY2632424000CE,CE,24000,2026-03-24,16031234,65,62622,NIFTY,0.05,
178,NIFTY2632424000PE,PE,24000,2026-03-24,16031490,65,62623,NIFTY,0.05,
179,NIFTY2632423950CE,CE,23950,2026-03-24,16030722,65,62620,NIFTY,0.05,
180,NIFTY2632423950PE,PE,23950,2026-03-24,16030978,65,62621,NIFTY,0.05,
181,NIFTY2632423900CE,CE,23900,2026-03-24,16030210,65,62618,NIFTY,0.05,
182,NIFTY2632423900PE,PE,23900,2026-03-24,16030466,65,62619,NIFTY,0.05,
183,NIFTY2632423850CE,CE,23850,2026-03-24,16029698,65,62616,NIFTY,0.05,
184,NIFTY2632423850PE,PE,23850,2026-03-24,16029954,65,62617,NIFTY,0.05,
185,NIFTY2632423800CE,CE,23800,2026-03-24,16027906,65,62609,NIFTY,0.05,
186,NIFTY2632423800PE,PE,23800,2026-03-24,16029442,65,62615,NIFTY,0.05,
187,NIFTY2632423750CE,CE,23750,2026-03-24,16027394,65,62607,NIFTY,0.05,
188,NIFTY2632423750PE,PE,23750,2026-03-24,16027650,65,62608,NIFTY,0.05,
189,NIFTY2632423700CE,CE,23700,2026-03-24,16026882,65,62605,NIFTY,0.05,
190,NIFTY2632423700PE,PE,23700,2026-03-24,16027138,65,62606,NIFTY,0.05,
191,NIFTY2632423650CE,CE,23650,2026-03-24,16026114,65,62602,NIFTY,0.05,
192,NIFTY2632423650PE,PE,23650,2026-03-24,16026626,65,62604,NIFTY,0.05,
193,NIFTY2632423600CE,CE,23600,2026-03-24,16025602,65,62600,NIFTY,0.05,
194,NIFTY2632423600PE,PE,23600,2026-03-24,16025858,65,62601,NIFTY,0.05,
195,NIFTY2632423550CE,CE,23550,2026-03-24,16025090,65,62598,NIFTY,0.05,
196,NIFTY2632423550PE,PE,23550,2026-03-24,16025346,65,62599,NIFTY,0.05,
197,NIFTY2632423500CE,CE,23500,2026-03-24,16024578,65,62596,NIFTY,0.05,
198,NIFTY2632423500PE,PE,23500,2026-03-24,16024834,65,62597,NIFTY,0.05,
199,NIFTY2632423450CE,CE,23450,2026-03-24,16024066,65,62594,NIFTY,0.05,
200,NIFTY2632423450PE,PE,23450,2026-03-24,16024322,65,62595,NIFTY,0.05,
201,NIFTY2632423400CE,CE,23400,2026-03-24,16023554,65,62592,NIFTY,0.05,
202,NIFTY2632423400PE,PE,23400,2026-03-24,16023810,65,62593,NIFTY,0.05,
203,NIFTY2632423350CE,CE,23350,2026-03-24,16023042,65,62590,NIFTY,0.05,
204,NIFTY2632423350PE,PE,23350,2026-03-24,16023298,65,62591,NIFTY,0.05,
205,NIFTY2632423300CE,CE,23300,2026-03-24,16022530,65,62588,NIFTY,0.05,
206,NIFTY2632423300PE,PE,23300,2026-03-24,16022786,65,62589,NIFTY,0.05,
207,NIFTY2632423250CE,CE,23250,2026-03-24,16020994,65,62582,NIFTY,0.05,
208,NIFTY2632423250PE,PE,23250,2026-03-24,16022274,65,62587,NIFTY,0.05,
209,NIFTY2632423200CE,CE,23200,2026-03-24,16020482,65,62580,NIFTY,0.05,
210,NIFTY2632423200PE,PE,23200,2026-03-24,16020738,65,62581,NIFTY,0.05,
211,NIFTY2632423150CE,CE,23150,2026-03-24,16019970,65,62578,NIFTY,0.05,
212,NIFTY2632423150PE,PE,23150,2026-03-24,16020226,65,62579,NIFTY,0.05,
213,NIFTY2632423100CE,CE,23100,2026-03-24,16019202,65,62575,NIFTY,0.05,
214,NIFTY2632423100PE,PE,23100,2026-03-24,16019714,65,62577,NIFTY,0.05,
215,NIFTY2632423050CE,CE,23050,2026-03-24,16018434,65,62572,NIFTY,0.05,
216,NIFTY2632423050PE,PE,23050,2026-03-24,16018946,65,62574,NIFTY,0.05,
217,NIFTY2632423000CE,CE,23000,2026-03-24,16017922,65,62570,NIFTY,0.05,
218,NIFTY2632423000PE,PE,23000,2026-03-24,16018178,65,62571,NIFTY,0.05,
219,NIFTY2632422950CE,CE,22950,2026-03-24,16017410,65,62568,NIFTY,0.05,
220,NIFTY2632422950PE,PE,22950,2026-03-24,16017666,65,62569,NIFTY,0.05,
221,NIFTY2632422900CE,CE,22900,2026-03-24,16016898,65,62566,NIFTY,0.05,
222,NIFTY2632422100CE,CE,22100,2026-03-24,15970050,65,62383,NIFTY,0.05,
223,NIFTY2632422100PE,PE,22100,2026-03-24,15970306,65,62384,NIFTY,0.05,
224,NIFTY2632422050CE,CE,22050,2026-03-24,15969538,65,62381,NIFTY,0.05,
225,NIFTY2632422050PE,PE,22050,2026-03-24,15969794,65,62382,NIFTY,0.05,
226,NIFTY2632422000CE,CE,22000,2026-03-24,15969026,65,62379,NIFTY,0.05,
227,NIFTY2632422000PE,PE,22000,2026-03-24,15969282,65,62380,NIFTY,0.05,
228,NIFTY2632421950CE,CE,21950,2026-03-24,15968514,65,62377,NIFTY,0.05,
229,NIFTY2632421950PE,PE,21950,2026-03-24,15968770,65,62378,NIFTY,0.05,
230,NIFTY2632421900CE,CE,21900,2026-03-24,15968002,65,62375,NIFTY,0.05,
231,NIFTY2632421900PE,PE,21900,2026-03-24,15968258,65,62376,NIFTY,0.05,
232,NIFTY2632421850CE,CE,21850,2026-03-24,15967490,65,62373,NIFTY,0.05,
233,NIFTY2632421850PE,PE,21850,2026-03-24,15967746,65,62374,NIFTY,0.05,
234,NIFTY2632421800CE,CE,21800,2026-03-24,15966978,65,62371,NIFTY,0.05,
235,NIFTY2632421800PE,PE,21800,2026-03-24,15967234,65,62372,NIFTY,0.05,
236,NIFTY2632421750CE,CE,21750,2026-03-24,15965954,65,62367,NIFTY,0.05,
237,NIFTY2632421750PE,PE,21750,2026-03-24,15966722,65,62370,NIFTY,0.05,
238,NIFTY2632421700CE,CE,21700,2026-03-24,15964930,65,62363,NIFTY,0.05,
239,NIFTY2632421700PE,PE,21700,2026-03-24,15965698,65,62366,NIFTY,0.05,
240,NIFTY2632421650CE,CE,21650,2026-03-24,15964418,65,62361,NIFTY,0.05,
241,NIFTY2632421650PE,PE,21650,2026-03-24,15964674,65,62362,NIFTY,0.05,
242,NIFTY2632421600CE,CE,21600,2026-03-24,15963906,65,62359,NIFTY,0.05,
243,NIFTY2632421600PE,PE,21600,2026-03-24,15964162,65,62360,NIFTY,0.05,
244,NIFTY2632421550CE,CE,21550,2026-03-24,15961090,65,62348,NIFTY,0.05,
245,NIFTY2632421550PE,PE,21550,2026-03-24,15961346,65,62349,NIFTY,0.05,
246,NIFTY2632421500CE,CE,21500,2026-03-24,15960578,65,62346,NIFTY,0.05,
247,NIFTY2632421500PE,PE,21500,2026-03-24,15960834,65,62347,NIFTY,0.05,
248,NIFTY2632421450CE,CE,21450,2026-03-24,15960066,65,62344,NIFTY,0.05,
249,NIFTY2632421450PE,PE,21450,2026-03-24,15960322,65,62345,NIFTY,0.05,
250,NIFTY2632421400CE,CE,21400,2026-03-24,15959554,65,62342,NIFTY,0.05,
251,NIFTY2632421400PE,PE,21400,2026-03-24,15959810,65,62343,NIFTY,0.05,
252,NIFTY2632421350CE,CE,21350,2026-03-24,15956994,65,62332,NIFTY,0.05,
253,NIFTY2632421350PE,PE,21350,2026-03-24,15957250,65,62333,NIFTY,0.05,
254,NIFTY2632421300CE,CE,21300,2026-03-24,15956482,65,62330,NIFTY,0.05,
255,NIFTY2632421300PE,PE,21300,2026-03-24,15956738,65,62331,NIFTY,0.05,
256,NIFTY2632421250CE,CE,21250,2026-03-24,15955970,65,62328,NIFTY,0.05,
257,NIFTY2632421250PE,PE,21250,2026-03-24,15956226,65,62329,NIFTY,0.05,
258,NIFTY2632421200CE,CE,21200,2026-03-24,15955458,65,62326,NIFTY,0.05,
259,NIFTY2632421200PE,PE,21200,2026-03-24,15955714,65,62327,NIFTY,0.05,
260,NIFTY2632421150CE,CE,21150,2026-03-24,15954946,65,62324,NIFTY,0.05,
261,NIFTY2632421150PE,PE,21150,2026-03-24,15955202,65,62325,NIFTY,0.05,
262,NIFTY2632421100CE,CE,21100,2026-03-24,15945474,65,62287,NIFTY,0.05,
263,NIFTY2632421100PE,PE,21100,2026-03-24,15945730,65,62288,NIFTY,0.05,
264,NIFTY2632421050CE,CE,21050,2026-03-24,15944450,65,62283,NIFTY,0.05,
265,NIFTY2632421050PE,PE,21050,2026-03-24,15944706,65,62284,NIFTY,0.05,
266,NIFTY2632421000CE,CE,21000,2026-03-24,15943426,65,62279,NIFTY,0.05,
267,NIFTY2632421000PE,PE,21000,2026-03-24,15943682,65,62280,NIFTY,0.05,
268,NIFTY2632420950CE,CE,20950,2026-03-24,15942914,65,62277,NIFTY,0.05,
269,NIFTY2632420950PE,PE,20950,2026-03-24,15943170,65,62278,NIFTY,0.05,
270,NIFTY2632420900CE,CE,20900,2026-03-24,15942402,65,62275,NIFTY,0.05,
271,NIFTY2632420900PE,PE,20900,2026-03-24,15942658,65,62276,NIFTY,0.05,
272,NIFTY2632420850CE,CE,20850,2026-03-24,15941890,65,62273,NIFTY,0.05,
273,NIFTY2632420850PE,PE,20850,2026-03-24,15942146,65,62274,NIFTY,0.05,
274,NIFTY2632420800CE,CE,20800,2026-03-24,15941378,65,62271,NIFTY,0.05,
275,NIFTY2632420800PE,PE,20800,2026-03-24,15941634,65,62272,NIFTY,0.05,
276,NIFTY2632420750CE,CE,20750,2026-03-24,15940866,65,62269,NIFTY,0.05,
277,NIFTY2632420750PE,PE,20750,2026-03-24,15941122,65,62270,NIFTY,0.05,
278,NIFTY2632420700CE,CE,20700,2026-03-24,15939330,65,62263,NIFTY,0.05,
279,NIFTY2632420700PE,PE,20700,2026-03-24,15940610,65,62268,NIFTY,0.05,
280,NIFTY2632420650CE,CE,20650,2026-03-24,15938818,65,62261,NIFTY,0.05,
281,NIFTY2632420650PE,PE,20650,2026-03-24,15939074,65,62262,NIFTY,0.05,
282,NIFTY2632420600CE,CE,20600,2026-03-24,15937282,65,62255,NIFTY,0.05,
283,NIFTY2632420600PE,PE,20600,2026-03-24,15938562,65,62260,NIFTY,0.05,
284,NIFTY2632420550CE,CE,20550,2026-03-24,15936770,65,62253,NIFTY,0.05,
285,NIFTY2632420550PE,PE,20550,2026-03-24,15937026,65,62254,NIFTY,0.05,
286,NIFTY2632420500CE,CE,20500,2026-03-24,15934210,65,62243,NIFTY,0.05,
287,NIFTY2632420500PE,PE,20500,2026-03-24,15934466,65,62244,NIFTY,0.05,
288,NIFTY26MAR22500CE,CE,22500,2026-03-30,13946370,65,54478,NIFTY,0.05,
289,NIFTY26MAR22500PE,PE,22500,2026-03-30,13946626,65,54479,NIFTY,0.05,
290,NIFTY26MAR22550CE,CE,22550,2026-03-30,13946882,65,54480,NIFTY,0.05,
291,NIFTY26MAR22550PE,PE,22550,2026-03-30,13947138,65,54481,NIFTY,0.05,
292,NIFTY26MAR22450CE,CE,22450,2026-03-30,13945858,65,54476,NIFTY,0.05,
293,NIFTY26MAR22450PE,PE,22450,2026-03-30,13946114,65,54477,NIFTY,0.05,
294,NIFTY26MAR22600CE,CE,22600,2026-03-30,13947394,65,54482,NIFTY,0.05,
295,NIFTY26MAR22600PE,PE,22600,2026-03-30,13947650,65,54483,NIFTY,0.05,
296,NIFTY26MAR22400CE,CE,22400,2026-03-30,13945346,65,54474,NIFTY,0.05,
297,NIFTY26MAR22400PE,PE,22400,2026-03-30,13945602,65,54475,NIFTY,0.05,
298,NIFTY26MAR22650CE,CE,22650,2026-03-30,13947906,65,54484,NIFTY,0.05,
299,NIFTY26MAR22650PE,PE,22650,2026-03-30,13948162,65,54485,NIFTY,0.05,
300,NIFTY26MAR22350CE,CE,22350,2026-03-30,13944834,65,54472,NIFTY,0.05,
301,NIFTY26MAR22350PE,PE,22350,2026-03-30,13945090,65,54473,NIFTY,0.05,
302,NIFTY26MAR22700CE,CE,22700,2026-03-30,13948418,65,54486,NIFTY,0.05,
303,NIFTY26MAR22700PE,PE,22700,2026-03-30,13948674,65,54487,NIFTY,0.05,
304,NIFTY26MAR22300CE,CE,22300,2026-03-30,13944322,65,54470,NIFTY,0.05,
305,NIFTY26MAR22300PE,PE,22300,2026-03-30,13944578,65,54471,NIFTY,0.05,
306,NIFTY26MAR22750CE,CE,22750,2026-03-30,13948930,65,54488,NIFTY,0.05,
307,NIFTY26MAR22750PE,PE,22750,2026-03-30,13949186,65,54489,NIFTY,0.05,
308,NIFTY26MAR22250CE,CE,22250,2026-03-30,13943810,65,54468,NIFTY,0.05,
309,NIFTY26MAR22250PE,PE,22250,2026-03-30,13944066,65,54469,NIFTY,0.05,
310,NIFTY26MAR22800CE,CE,22800,2026-03-30,13949442,65,54490,NIFTY,0.05,
311,NIFTY26MAR22800PE,PE,22800,2026-03-30,13949698,65,54491,NIFTY,0.05,
312,NIFTY26MAR22200CE,CE,22200,2026-03-30,13943298,65,54466,NIFTY,0.05,
313,NIFTY26MAR22200PE,PE,22200,2026-03-30,13943554,65,54467,NIFTY,0.05,
314,NIFTY26MAR22850CE,CE,22850,2026-03-30,13949954,65,54492,NIFTY,0.05,
315,NIFTY26MAR22850PE,PE,22850,2026-03-30,13950210,65,54493,NIFTY,0.05,
316,NIFTY26MAR22150CE,CE,22150,2026-03-30,13942786,65,54464,NIFTY,0.05,
317,NIFTY26MAR22150PE,PE,22150,2026-03-30,13943042,65,54465,NIFTY,0.05,
318,NIFTY26MAR22900PE,PE,22900,2026-03-30,13950722,65,54495,NIFTY,0.05,
319,NIFTY26MAR31000CE,CE,31000,2026-03-30,16116738,65,62956,NIFTY,0.05,
320,NIFTY26MAR31000PE,PE,31000,2026-03-30,16118786,65,62964,NIFTY,0.05,
321,NIFTY26MAR30000CE,CE,30000,2026-03-30,16111874,65,62937,NIFTY,0.05,
322,NIFTY26MAR30000PE,PE,30000,2026-03-30,16116482,65,62955,NIFTY,0.05,
323,NIFTY26MAR29000CE,CE,29000,2026-03-30,16111362,65,62935,NIFTY,0.05,
324,NIFTY26MAR29000PE,PE,29000,2026-03-30,16111618,65,62936,NIFTY,0.05,
325,NIFTY26MAR28100CE,CE,28100,2026-03-30,14039554,65,54842,NIFTY,0.05,
326,NIFTY26MAR28100PE,PE,28100,2026-03-30,14039810,65,54843,NIFTY,0.05,
327,NIFTY26MAR28050CE,CE,28050,2026-03-30,14039042,65,54840,NIFTY,0.05,
328,NIFTY26MAR28050PE,PE,28050,2026-03-30,14039298,65,54841,NIFTY,0.05,
329,NIFTY26MAR28000CE,CE,28000,2026-03-30,16110594,65,62932,NIFTY,0.05,
330,NIFTY26MAR28000PE,PE,28000,2026-03-30,16110850,65,62933,NIFTY,0.05,
331,NIFTY26MAR27950CE,CE,27950,2026-03-30,14038530,65,54838,NIFTY,0.05,
332,NIFTY26MAR27950PE,PE,27950,2026-03-30,14038786,65,54839,NIFTY,0.05,
333,NIFTY26MAR27900CE,CE,27900,2026-03-30,14038018,65,54836,NIFTY,0.05,
334,NIFTY26MAR27900PE,PE,27900,2026-03-30,14038274,65,54837,NIFTY,0.05,
335,NIFTY26MAR27850CE,CE,27850,2026-03-30,14036482,65,54830,NIFTY,0.05,
336,NIFTY26MAR27850PE,PE,27850,2026-03-30,14036738,65,54831,NIFTY,0.05,
337,NIFTY26MAR27800CE,CE,27800,2026-03-30,14035970,65,54828,NIFTY,0.05,
338,NIFTY26MAR27800PE,PE,27800,2026-03-30,14036226,65,54829,NIFTY,0.05,
339,NIFTY26MAR27750CE,CE,27750,2026-03-30,14035458,65,54826,NIFTY,0.05,
340,NIFTY26MAR27750PE,PE,27750,2026-03-30,14035714,65,54827,NIFTY,0.05,
341,NIFTY26MAR27700CE,CE,27700,2026-03-30,14034946,65,54824,NIFTY,0.05,
342,NIFTY26MAR27700PE,PE,27700,2026-03-30,14035202,65,54825,NIFTY,0.05,
343,NIFTY26MAR27650CE,CE,27650,2026-03-30,14034434,65,54822,NIFTY,0.05,
344,NIFTY26MAR27650PE,PE,27650,2026-03-30,14034690,65,54823,NIFTY,0.05,
345,NIFTY26MAR27600CE,CE,27600,2026-03-30,14016514,65,54752,NIFTY,0.05,
346,NIFTY26MAR27600PE,PE,27600,2026-03-30,14016770,65,54753,NIFTY,0.05,
347,NIFTY26MAR27550CE,CE,27550,2026-03-30,14016002,65,54750,NIFTY,0.05,
348,NIFTY26MAR27550PE,PE,27550,2026-03-30,14016258,65,54751,NIFTY,0.05,
349,NIFTY26MAR27500CE,CE,27500,2026-03-30,14015490,65,54748,NIFTY,0.05,
350,NIFTY26MAR27500PE,PE,27500,2026-03-30,14015746,65,54749,NIFTY,0.05,
351,NIFTY26MAR27450CE,CE,27450,2026-03-30,14014978,65,54746,NIFTY,0.05,
352,NIFTY26MAR27450PE,PE,27450,2026-03-30,14015234,65,54747,NIFTY,0.05,
353,NIFTY26MAR27400CE,CE,27400,2026-03-30,14014466,65,54744,NIFTY,0.05,
354,NIFTY26MAR27400PE,PE,27400,2026-03-30,14014722,65,54745,NIFTY,0.05,
355,NIFTY26MAR27350CE,CE,27350,2026-03-30,14013954,65,54742,NIFTY,0.05,
356,NIFTY26MAR27350PE,PE,27350,2026-03-30,14014210,65,54743,NIFTY,0.05,
357,NIFTY26MAR27300CE,CE,27300,2026-03-30,14013442,65,54740,NIFTY,0.05,
358,NIFTY26MAR27300PE,PE,27300,2026-03-30,14013698,65,54741,NIFTY,0.05,
359,NIFTY26MAR27250CE,CE,27250,2026-03-30,14012930,65,54738,NIFTY,0.05,
360,NIFTY26MAR27250PE,PE,27250,2026-03-30,14013186,65,54739,NIFTY,0.05,
361,NIFTY26MAR27200CE,CE,27200,2026-03-30,14012418,65,54736,NIFTY,0.05,
362,NIFTY26MAR27200PE,PE,27200,2026-03-30,14012674,65,54737,NIFTY,0.05,
363,NIFTY26MAR27150CE,CE,27150,2026-03-30,14011906,65,54734,NIFTY,0.05,
364,NIFTY26MAR27150PE,PE,27150,2026-03-30,14012162,65,54735,NIFTY,0.05,
365,NIFTY26MAR27100CE,CE,27100,2026-03-30,14011394,65,54732,NIFTY,0.05,
366,NIFTY26MAR27100PE,PE,27100,2026-03-30,14011650,65,54733,NIFTY,0.05,
367,NIFTY26MAR27050CE,CE,27050,2026-03-30,14010882,65,54730,NIFTY,0.05,
368,NIFTY26MAR27050PE,PE,27050,2026-03-30,14011138,65,54731,NIFTY,0.05,
369,NIFTY26MAR27000CE,CE,27000,2026-03-30,16110082,65,62930,NIFTY,0.05,
370,NIFTY26MAR27000PE,PE,27000,2026-03-30,16110338,65,62931,NIFTY,0.05,
371,NIFTY26MAR26950CE,CE,26950,2026-03-30,14010370,65,54728,NIFTY,0.05,
372,NIFTY26MAR26950PE,PE,26950,2026-03-30,14010626,65,54729,NIFTY,0.05,
373,NIFTY26MAR26900CE,CE,26900,2026-03-30,14009858,65,54726,NIFTY,0.05,
374,NIFTY26MAR26900PE,PE,26900,2026-03-30,14010114,65,54727,NIFTY,0.05,
375,NIFTY26MAR26850CE,CE,26850,2026-03-30,14009346,65,54724,NIFTY,0.05,
376,NIFTY26MAR26850PE,PE,26850,2026-03-30,14009602,65,54725,NIFTY,0.05,
377,NIFTY26MAR26800CE,CE,26800,2026-03-30,14008834,65,54722,NIFTY,0.05,
378,NIFTY26MAR26800PE,PE,26800,2026-03-30,14009090,65,54723,NIFTY,0.05,
379,NIFTY26MAR26750CE,CE,26750,2026-03-30,14008322,65,54720,NIFTY,0.05,
380,NIFTY26MAR26750PE,PE,26750,2026-03-30,14008578,65,54721,NIFTY,0.05,
381,NIFTY26MAR26700CE,CE,26700,2026-03-30,14007810,65,54718,NIFTY,0.05,
382,NIFTY26MAR26700PE,PE,26700,2026-03-30,14008066,65,54719,NIFTY,0.05,
383,NIFTY26MAR26650CE,CE,26650,2026-03-30,14007298,65,54716,NIFTY,0.05,
384,NIFTY26MAR26650PE,PE,26650,2026-03-30,14007554,65,54717,NIFTY,0.05,
385,NIFTY26MAR26600CE,CE,26600,2026-03-30,14006786,65,54714,NIFTY,0.05,
386,NIFTY26MAR26600PE,PE,26600,2026-03-30,14007042,65,54715,NIFTY,0.05,
387,NIFTY26MAR26550CE,CE,26550,2026-03-30,14006274,65,54712,NIFTY,0.05,
388,NIFTY26MAR26550PE,PE,26550,2026-03-30,14006530,65,54713,NIFTY,0.05,
389,NIFTY26MAR26500CE,CE,26500,2026-03-30,13996034,65,54672,NIFTY,0.05,
390,NIFTY26MAR26500PE,PE,26500,2026-03-30,13996290,65,54673,NIFTY,0.05,
391,NIFTY26MAR26450CE,CE,26450,2026-03-30,13995266,65,54669,NIFTY,0.05,
392,NIFTY26MAR26450PE,PE,26450,2026-03-30,13995778,65,54671,NIFTY,0.05,
393,NIFTY26MAR26400CE,CE,26400,2026-03-30,13994754,65,54667,NIFTY,0.05,
394,NIFTY26MAR26400PE,PE,26400,2026-03-30,13995010,65,54668,NIFTY,0.05,
395,NIFTY26MAR26350CE,CE,26350,2026-03-30,13994242,65,54665,NIFTY,0.05,
396,NIFTY26MAR26350PE,PE,26350,2026-03-30,13994498,65,54666,NIFTY,0.05,
397,NIFTY26MAR26300CE,CE,26300,2026-03-30,13989378,65,54646,NIFTY,0.05,
398,NIFTY26MAR26300PE,PE,26300,2026-03-30,13993986,65,54664,NIFTY,0.05,
399,NIFTY26MAR26250CE,CE,26250,2026-03-30,13988866,65,54644,NIFTY,0.05,
400,NIFTY26MAR26250PE,PE,26250,2026-03-30,13989122,65,54645,NIFTY,0.05,
401,NIFTY26MAR26200CE,CE,26200,2026-03-30,13988354,65,54642,NIFTY,0.05,
402,NIFTY26MAR26200PE,PE,26200,2026-03-30,13988610,65,54643,NIFTY,0.05,
403,NIFTY26MAR26150CE,CE,26150,2026-03-30,13987842,65,54640,NIFTY,0.05,
404,NIFTY26MAR26150PE,PE,26150,2026-03-30,13988098,65,54641,NIFTY,0.05,
405,NIFTY26MAR26100CE,CE,26100,2026-03-30,13984258,65,54626,NIFTY,0.05,
406,NIFTY26MAR26100PE,PE,26100,2026-03-30,13987586,65,54639,NIFTY,0.05,
407,NIFTY26MAR26050CE,CE,26050,2026-03-30,13983746,65,54624,NIFTY,0.05,
408,NIFTY26MAR26050PE,PE,26050,2026-03-30,13984002,65,54625,NIFTY,0.05,
409,NIFTY26MAR26000CE,CE,26000,2026-03-30,16109570,65,62928,NIFTY,0.05,
410,NIFTY26MAR26000PE,PE,26000,2026-03-30,16109826,65,62929,NIFTY,0.05,
411,NIFTY26MAR25950CE,CE,25950,2026-03-30,13983234,65,54622,NIFTY,0.05,
412,NIFTY26MAR25950PE,PE,25950,2026-03-30,13983490,65,54623,NIFTY,0.05,
413,NIFTY26MAR25900CE,CE,25900,2026-03-30,13982722,65,54620,NIFTY,0.05,
414,NIFTY26MAR25900PE,PE,25900,2026-03-30,13982978,65,54621,NIFTY,0.05,
415,NIFTY26MAR25850CE,CE,25850,2026-03-30,13982210,65,54618,NIFTY,0.05,
416,NIFTY26MAR25850PE,PE,25850,2026-03-30,13982466,65,54619,NIFTY,0.05,
417,NIFTY26MAR25800CE,CE,25800,2026-03-30,13981698,65,54616,NIFTY,0.05,
418,NIFTY26MAR25800PE,PE,25800,2026-03-30,13981954,65,54617,NIFTY,0.05,
419,NIFTY26MAR25750CE,CE,25750,2026-03-30,13981186,65,54614,NIFTY,0.05,
420,NIFTY26MAR25750PE,PE,25750,2026-03-30,13981442,65,54615,NIFTY,0.05,
421,NIFTY26MAR25700CE,CE,25700,2026-03-30,13980674,65,54612,NIFTY,0.05,
422,NIFTY26MAR25700PE,PE,25700,2026-03-30,13980930,65,54613,NIFTY,0.05,
423,NIFTY26MAR25650CE,CE,25650,2026-03-30,13977602,65,54600,NIFTY,0.05,
424,NIFTY26MAR25650PE,PE,25650,2026-03-30,13980418,65,54611,NIFTY,0.05,
425,NIFTY26MAR25600CE,CE,25600,2026-03-30,13977090,65,54598,NIFTY,0.05,
426,NIFTY26MAR25600PE,PE,25600,2026-03-30,13977346,65,54599,NIFTY,0.05,
427,NIFTY26MAR25550CE,CE,25550,2026-03-30,13976578,65,54596,NIFTY,0.05,
428,NIFTY26MAR25550PE,PE,25550,2026-03-30,13976834,65,54597,NIFTY,0.05,
429,NIFTY26MAR25500CE,CE,25500,2026-03-30,13976066,65,54594,NIFTY,0.05,
430,NIFTY26MAR25500PE,PE,25500,2026-03-30,13976322,65,54595,NIFTY,0.05,
431,NIFTY26MAR25450CE,CE,25450,2026-03-30,13975554,65,54592,NIFTY,0.05,
432,NIFTY26MAR25450PE,PE,25450,2026-03-30,13975810,65,54593,NIFTY,0.05,
433,NIFTY26MAR25400CE,CE,25400,2026-03-30,13975042,65,54590,NIFTY,0.05,
434,NIFTY26MAR25400PE,PE,25400,2026-03-30,13975298,65,54591,NIFTY,0.05,
435,NIFTY26MAR25350CE,CE,25350,2026-03-30,13974530,65,54588,NIFTY,0.05,
436,NIFTY26MAR25350PE,PE,25350,2026-03-30,13974786,65,54589,NIFTY,0.05,
437,NIFTY26MAR25300CE,CE,25300,2026-03-30,13974018,65,54586,NIFTY,0.05,
438,NIFTY26MAR25300PE,PE,25300,2026-03-30,13974274,65,54587,NIFTY,0.05,
439,NIFTY26MAR25250CE,CE,25250,2026-03-30,13973506,65,54584,NIFTY,0.05,
440,NIFTY26MAR25250PE,PE,25250,2026-03-30,13973762,65,54585,NIFTY,0.05,
441,NIFTY26MAR25200CE,CE,25200,2026-03-30,13972994,65,54582,NIFTY,0.05,
442,NIFTY26MAR25200PE,PE,25200,2026-03-30,13973250,65,54583,NIFTY,0.05,
443,NIFTY26MAR25150CE,CE,25150,2026-03-30,13972482,65,54580,NIFTY,0.05,
444,NIFTY26MAR25150PE,PE,25150,2026-03-30,13972738,65,54581,NIFTY,0.05,
445,NIFTY26MAR25100CE,CE,25100,2026-03-30,13971970,65,54578,NIFTY,0.05,
446,NIFTY26MAR25100PE,PE,25100,2026-03-30,13972226,65,54579,NIFTY,0.05,
447,NIFTY26MAR25050CE,CE,25050,2026-03-30,13971458,65,54576,NIFTY,0.05,
448,NIFTY26MAR25050PE,PE,25050,2026-03-30,13971714,65,54577,NIFTY,0.05,
449,NIFTY26MAR25000CE,CE,25000,2026-03-30,16109058,65,62926,NIFTY,0.05,
450,NIFTY26MAR25000PE,PE,25000,2026-03-30,16109314,65,62927,NIFTY,0.05,
451,NIFTY26MAR24950CE,CE,24950,2026-03-30,13970946,65,54574,NIFTY,0.05,
452,NIFTY26MAR24950PE,PE,24950,2026-03-30,13971202,65,54575,NIFTY,0.05,
453,NIFTY26MAR24900CE,CE,24900,2026-03-30,13970434,65,54572,NIFTY,0.05,
454,NIFTY26MAR24900PE,PE,24900,2026-03-30,13970690,65,54573,NIFTY,0.05,
455,NIFTY26MAR24850CE,CE,24850,2026-03-30,13969922,65,54570,NIFTY,0.05,
456,NIFTY26MAR24850PE,PE,24850,2026-03-30,13970178,65,54571,NIFTY,0.05,
457,NIFTY26MAR24800CE,CE,24800,2026-03-30,13969410,65,54568,NIFTY,0.05,
458,NIFTY26MAR24800PE,PE,24800,2026-03-30,13969666,65,54569,NIFTY,0.05,
459,NIFTY26MAR24750CE,CE,24750,2026-03-30,13968898,65,54566,NIFTY,0.05,
460,NIFTY26MAR24750PE,PE,24750,2026-03-30,13969154,65,54567,NIFTY,0.05,
461,NIFTY26MAR24700CE,CE,24700,2026-03-30,13968386,65,54564,NIFTY,0.05,
462,NIFTY26MAR24700PE,PE,24700,2026-03-30,13968642,65,54565,NIFTY,0.05,
463,NIFTY26MAR24650CE,CE,24650,2026-03-30,13967874,65,54562,NIFTY,0.05,
464,NIFTY26MAR24650PE,PE,24650,2026-03-30,13968130,65,54563,NIFTY,0.05,
465,NIFTY26MAR24600CE,CE,24600,2026-03-30,13967362,65,54560,NIFTY,0.05,
466,NIFTY26MAR24600PE,PE,24600,2026-03-30,13967618,65,54561,NIFTY,0.05,
467,NIFTY26MAR24550CE,CE,24550,2026-03-30,13966850,65,54558,NIFTY,0.05,
468,NIFTY26MAR24550PE,PE,24550,2026-03-30,13967106,65,54559,NIFTY,0.05,
469,NIFTY26MAR24500CE,CE,24500,2026-03-30,13966338,65,54556,NIFTY,0.05,
470,NIFTY26MAR24500PE,PE,24500,2026-03-30,13966594,65,54557,NIFTY,0.05,
471,NIFTY26MAR24450CE,CE,24450,2026-03-30,13965826,65,54554,NIFTY,0.05,
472,NIFTY26MAR24450PE,PE,24450,2026-03-30,13966082,65,54555,NIFTY,0.05,
473,NIFTY26MAR24400CE,CE,24400,2026-03-30,13965314,65,54552,NIFTY,0.05,
474,NIFTY26MAR24400PE,PE,24400,2026-03-30,13965570,65,54553,NIFTY,0.05,
475,NIFTY26MAR24350CE,CE,24350,2026-03-30,13964802,65,54550,NIFTY,0.05,
476,NIFTY26MAR24350PE,PE,24350,2026-03-30,13965058,65,54551,NIFTY,0.05,
477,NIFTY26MAR24300CE,CE,24300,2026-03-30,13964290,65,54548,NIFTY,0.05,
478,NIFTY26MAR24300PE,PE,24300,2026-03-30,13964546,65,54549,NIFTY,0.05,
479,NIFTY26MAR24250CE,CE,24250,2026-03-30,13963778,65,54546,NIFTY,0.05,
480,NIFTY26MAR24250PE,PE,24250,2026-03-30,13964034,65,54547,NIFTY,0.05,
481,NIFTY26MAR24200CE,CE,24200,2026-03-30,13963266,65,54544,NIFTY,0.05,
482,NIFTY26MAR24200PE,PE,24200,2026-03-30,13963522,65,54545,NIFTY,0.05,
483,NIFTY26MAR24150CE,CE,24150,2026-03-30,13962754,65,54542,NIFTY,0.05,
484,NIFTY26MAR24150PE,PE,24150,2026-03-30,13963010,65,54543,NIFTY,0.05,
485,NIFTY26MAR24100CE,CE,24100,2026-03-30,13962242,65,54540,NIFTY,0.05,
486,NIFTY26MAR24100PE,PE,24100,2026-03-30,13962498,65,54541,NIFTY,0.05,
487,NIFTY26MAR24050CE,CE,24050,2026-03-30,13961730,65,54538,NIFTY,0.05,
488,NIFTY26MAR24050PE,PE,24050,2026-03-30,13961986,65,54539,NIFTY,0.05,
489,NIFTY26MAR24000CE,CE,24000,2026-03-30,16108546,65,62924,NIFTY,0.05,
490,NIFTY26MAR24000PE,PE,24000,2026-03-30,16108802,65,62925,NIFTY,0.05,
491,NIFTY26MAR23950CE,CE,23950,2026-03-30,13961218,65,54536,NIFTY,0.05,
492,NIFTY26MAR23950PE,PE,23950,2026-03-30,13961474,65,54537,NIFTY,0.05,
493,NIFTY26MAR23900CE,CE,23900,2026-03-30,13960706,65,54534,NIFTY,0.05,
494,NIFTY26MAR23900PE,PE,23900,2026-03-30,13960962,65,54535,NIFTY,0.05,
495,NIFTY26MAR23850CE,CE,23850,2026-03-30,13960194,65,54532,NIFTY,0.05,
496,NIFTY26MAR23850PE,PE,23850,2026-03-30,13960450,65,54533,NIFTY,0.05,
497,NIFTY26MAR23800CE,CE,23800,2026-03-30,13959682,65,54530,NIFTY,0.05,
498,NIFTY26MAR23800PE,PE,23800,2026-03-30,13959938,65,54531,NIFTY,0.05,
499,NIFTY26MAR23750CE,CE,23750,2026-03-30,13959170,65,54528,NIFTY,0.05,
500,NIFTY26MAR23750PE,PE,23750,2026-03-30,13959426,65,54529,NIFTY,0.05,
501,NIFTY26MAR23700CE,CE,23700,2026-03-30,13958658,65,54526,NIFTY,0.05,
502,NIFTY26MAR23700PE,PE,23700,2026-03-30,13958914,65,54527,NIFTY,0.05,
503,NIFTY26MAR23650CE,CE,23650,2026-03-30,13958146,65,54524,NIFTY,0.05,
504,NIFTY26MAR23650PE,PE,23650,2026-03-30,13958402,65,54525,NIFTY,0.05,
505,NIFTY26MAR23600CE,CE,23600,2026-03-30,13957634,65,54522,NIFTY,0.05,
506,NIFTY26MAR23600PE,PE,23600,2026-03-30,13957890,65,54523,NIFTY,0.05,
507,NIFTY26MAR23550CE,CE,23550,2026-03-30,13957122,65,54520,NIFTY,0.05,
508,NIFTY26MAR23550PE,PE,23550,2026-03-30,13957378,65,54521,NIFTY,0.05,
509,NIFTY26MAR23500CE,CE,23500,2026-03-30,13956610,65,54518,NIFTY,0.05,
510,NIFTY26MAR23500PE,PE,23500,2026-03-30,13956866,65,54519,NIFTY,0.05,
511,NIFTY26MAR23450CE,CE,23450,2026-03-30,13956098,65,54516,NIFTY,0.05,
512,NIFTY26MAR23450PE,PE,23450,2026-03-30,13956354,65,54517,NIFTY,0.05,
513,NIFTY26MAR23400CE,CE,23400,2026-03-30,13955586,65,54514,NIFTY,0.05,
514,NIFTY26MAR23400PE,PE,23400,2026-03-30,13955842,65,54515,NIFTY,0.05,
515,NIFTY26MAR23350CE,CE,23350,2026-03-30,13955074,65,54512,NIFTY,0.05,
516,NIFTY26MAR23350PE,PE,23350,2026-03-30,13955330,65,54513,NIFTY,0.05,
517,NIFTY26MAR23300CE,CE,23300,2026-03-30,13954562,65,54510,NIFTY,0.05,
518,NIFTY26MAR23300PE,PE,23300,2026-03-30,13954818,65,54511,NIFTY,0.05,
519,NIFTY26MAR23250CE,CE,23250,2026-03-30,13954050,65,54508,NIFTY,0.05,
520,NIFTY26MAR23250PE,PE,23250,2026-03-30,13954306,65,54509,NIFTY,0.05,
521,NIFTY26MAR23200CE,CE,23200,2026-03-30,13953538,65,54506,NIFTY,0.05,
522,NIFTY26MAR23200PE,PE,23200,2026-03-30,13953794,65,54507,NIFTY,0.05,
523,NIFTY26MAR23150CE,CE,23150,2026-03-30,13952514,65,54502,NIFTY,0.05,
524,NIFTY26MAR23150PE,PE,23150,2026-03-30,13953282,65,54505,NIFTY,0.05,
525,NIFTY26MAR23100CE,CE,23100,2026-03-30,13952002,65,54500,NIFTY,0.05,
526,NIFTY26MAR23100PE,PE,23100,2026-03-30,13952258,65,54501,NIFTY,0.05,
527,NIFTY26MAR23050CE,CE,23050,2026-03-30,13951490,65,54498,NIFTY,0.05,
528,NIFTY26MAR23050PE,PE,23050,2026-03-30,13951746,65,54499,NIFTY,0.05,
529,NIFTY26MAR23000CE,CE,23000,2026-03-30,16108034,65,62922,NIFTY,0.05,
530,NIFTY26MAR23000PE,PE,23000,2026-03-30,16108290,65,62923,NIFTY,0.05,
531,NIFTY26MAR22950CE,CE,22950,2026-03-30,13950978,65,54496,NIFTY,0.05,
532,NIFTY26MAR22950PE,PE,22950,2026-03-30,13951234,65,54497,NIFTY,0.05,
533,NIFTY26MAR22900CE,CE,22900,2026-03-30,13950466,65,54494,NIFTY,0.05,
534,NIFTY26MAR22100CE,CE,22100,2026-03-30,13942274,65,54462,NIFTY,0.05,
535,NIFTY26MAR22100PE,PE,22100,2026-03-30,13942530,65,54463,NIFTY,0.05,
536,NIFTY26MAR22050CE,CE,22050,2026-03-30,13941762,65,54460,NIFTY,0.05,
537,NIFTY26MAR22050PE,PE,22050,2026-03-30,13942018,65,54461,NIFTY,0.05,
538,NIFTY26MAR22000CE,CE,22000,2026-03-30,16107522,65,62920,NIFTY,0.05,
539,NIFTY26MAR22000PE,PE,22000,2026-03-30,16107778,65,62921,NIFTY,0.05,
540,NIFTY26MAR21950CE,CE,21950,2026-03-30,13940994,65,54457,NIFTY,0.05,
541,NIFTY26MAR21950PE,PE,21950,2026-03-30,13941506,65,54459,NIFTY,0.05,
542,NIFTY26MAR21900CE,CE,21900,2026-03-30,13940482,65,54455,NIFTY,0.05,
543,NIFTY26MAR21900PE,PE,21900,2026-03-30,13940738,65,54456,NIFTY,0.05,
544,NIFTY26MAR21850CE,CE,21850,2026-03-30,13939970,65,54453,NIFTY,0.05,
545,NIFTY26MAR21850PE,PE,21850,2026-03-30,13940226,65,54454,NIFTY,0.05,
546,NIFTY26MAR21800CE,CE,21800,2026-03-30,13939458,65,54451,NIFTY,0.05,
547,NIFTY26MAR21800PE,PE,21800,2026-03-30,13939714,65,54452,NIFTY,0.05,
548,NIFTY26MAR21750CE,CE,21750,2026-03-30,13938946,65,54449,NIFTY,0.05,
549,NIFTY26MAR21750PE,PE,21750,2026-03-30,13939202,65,54450,NIFTY,0.05,
550,NIFTY26MAR21700CE,CE,21700,2026-03-30,13938434,65,54447,NIFTY,0.05,
551,NIFTY26MAR21700PE,PE,21700,2026-03-30,13938690,65,54448,NIFTY,0.05,
552,NIFTY26MAR21650CE,CE,21650,2026-03-30,13937922,65,54445,NIFTY,0.05,
553,NIFTY26MAR21650PE,PE,21650,2026-03-30,13938178,65,54446,NIFTY,0.05,
554,NIFTY26MAR21600CE,CE,21600,2026-03-30,13937410,65,54443,NIFTY,0.05,
555,NIFTY26MAR21600PE,PE,21600,2026-03-30,13937666,65,54444,NIFTY,0.05,
556,NIFTY26MAR21550CE,CE,21550,2026-03-30,13936898,65,54441,NIFTY,0.05,
557,NIFTY26MAR21550PE,PE,21550,2026-03-30,13937154,65,54442,NIFTY,0.05,
558,NIFTY26MAR21500CE,CE,21500,2026-03-30,13936386,65,54439,NIFTY,0.05,
559,NIFTY26MAR21500PE,PE,21500,2026-03-30,13936642,65,54440,NIFTY,0.05,
560,NIFTY26MAR21450CE,CE,21450,2026-03-30,13935874,65,54437,NIFTY,0.05,
561,NIFTY26MAR21450PE,PE,21450,2026-03-30,13936130,65,54438,NIFTY,0.05,
562,NIFTY26MAR21400CE,CE,21400,2026-03-30,13935362,65,54435,NIFTY,0.05,
563,NIFTY26MAR21400PE,PE,21400,2026-03-30,13935618,65,54436,NIFTY,0.05,
564,NIFTY26MAR21350CE,CE,21350,2026-03-30,13934850,65,54433,NIFTY,0.05,
565,NIFTY26MAR21350PE,PE,21350,2026-03-30,13935106,65,54434,NIFTY,0.05,
566,NIFTY26MAR21300CE,CE,21300,2026-03-30,13934338,65,54431,NIFTY,0.05,
567,NIFTY26MAR21300PE,PE,21300,2026-03-30,13934594,65,54432,NIFTY,0.05,
568,NIFTY26MAR21250CE,CE,21250,2026-03-30,13933826,65,54429,NIFTY,0.05,
569,NIFTY26MAR21250PE,PE,21250,2026-03-30,13934082,65,54430,NIFTY,0.05,
570,NIFTY26MAR21200CE,CE,21200,2026-03-30,13933314,65,54427,NIFTY,0.05,
571,NIFTY26MAR21200PE,PE,21200,2026-03-30,13933570,65,54428,NIFTY,0.05,
572,NIFTY26MAR21150CE,CE,21150,2026-03-30,13932802,65,54425,NIFTY,0.05,
573,NIFTY26MAR21150PE,PE,21150,2026-03-30,13933058,65,54426,NIFTY,0.05,
574,NIFTY26MAR21100CE,CE,21100,2026-03-30,13932290,65,54423,NIFTY,0.05,
575,NIFTY26MAR21100PE,PE,21100,2026-03-30,13932546,65,54424,NIFTY,0.05,
576,NIFTY26MAR21050CE,CE,21050,2026-03-30,13931778,65,54421,NIFTY,0.05,
577,NIFTY26MAR21050PE,PE,21050,2026-03-30,13932034,65,54422,NIFTY,0.05,
578,NIFTY26MAR21000CE,CE,21000,2026-03-30,16107010,65,62918,NIFTY,0.05,
579,NIFTY26MAR21000PE,PE,21000,2026-03-30,16107266,65,62919,NIFTY,0.05,
580,NIFTY26MAR20950CE,CE,20950,2026-03-30,13931266,65,54419,NIFTY,0.05,
581,NIFTY26MAR20950PE,PE,20950,2026-03-30,13931522,65,54420,NIFTY,0.05,
582,NIFTY26MAR20900CE,CE,20900,2026-03-30,13930754,65,54417,NIFTY,0.05,
583,NIFTY26MAR20900PE,PE,20900,2026-03-30,13931010,65,54418,NIFTY,0.05,
584,NIFTY26MAR20850CE,CE,20850,2026-03-30,13930242,65,54415,NIFTY,0.05,
585,NIFTY26MAR20850PE,PE,20850,2026-03-30,13930498,65,54416,NIFTY,0.05,
586,NIFTY26MAR20800CE,CE,20800,2026-03-30,13929730,65,54413,NIFTY,0.05,
587,NIFTY26MAR20800PE,PE,20800,2026-03-30,13929986,65,54414,NIFTY,0.05,
588,NIFTY26MAR20750CE,CE,20750,2026-03-30,13929218,65,54411,NIFTY,0.05,
589,NIFTY26MAR20750PE,PE,20750,2026-03-30,13929474,65,54412,NIFTY,0.05,
590,NIFTY26MAR20700CE,CE,20700,2026-03-30,13928706,65,54409,NIFTY,0.05,
591,NIFTY26MAR20700PE,PE,20700,2026-03-30,13928962,65,54410,NIFTY,0.05,
592,NIFTY26MAR20650CE,CE,20650,2026-03-30,11382786,65,44464,NIFTY,0.05,
593,NIFTY26MAR20650PE,PE,20650,2026-03-30,11383042,65,44465,NIFTY,0.05,
594,NIFTY26MAR20600CE,CE,20600,2026-03-30,11677698,65,45616,NIFTY,0.05,
595,NIFTY26MAR20600PE,PE,20600,2026-03-30,11677954,65,45617,NIFTY,0.05,
596,NIFTY26MAR20550CE,CE,20550,2026-03-30,11676674,65,45612,NIFTY,0.05,
597,NIFTY26MAR20550PE,PE,20550,2026-03-30,11676930,65,45613,NIFTY,0.05,
598,NIFTY26MAR20500CE,CE,20500,2026-03-30,11676162,65,45610,NIFTY,0.05,
599,NIFTY26MAR20500PE,PE,20500,2026-03-30,11676418,65,45611,NIFTY,0.05,
600,NIFTY26MAR20000CE,CE,20000,2026-03-30,16106498,65,62916,NIFTY,0.05,
601,NIFTY26MAR20000PE,PE,20000,2026-03-30,16106754,65,62917,NIFTY,0.05,
602,NIFTY26MAR19000CE,CE,19000,2026-03-30,16105986,65,62914,NIFTY,0.05,
603,NIFTY26MAR19000PE,PE,19000,2026-03-30,16106242,65,62915,NIFTY,0.05,
604,NIFTY2640722500CE,CE,22500,2026-04-07,10427394,65,40732,NIFTY,0.05,
605,NIFTY2640722500PE,PE,22500,2026-04-07,10428162,65,40735,NIFTY,0.05,
606,NIFTY2640722550CE,CE,22550,2026-04-07,10428418,65,40736,NIFTY,0.05,
607,NIFTY2640722550PE,PE,22550,2026-04-07,10428674,65,40737,NIFTY,0.05,
608,NIFTY2640722450CE,CE,22450,2026-04-07,10426882,65,40730,NIFTY,0.05,
609,NIFTY2640722450PE,PE,22450,2026-04-07,10427138,65,40731,NIFTY,0.05,
610,NIFTY2640722600CE,CE,22600,2026-04-07,10428930,65,40738,NIFTY,0.05,
611,NIFTY2640722600PE,PE,22600,2026-04-07,10429186,65,40739,NIFTY,0.05,
612,NIFTY2640722400CE,CE,22400,2026-04-07,10426370,65,40728,NIFTY,0.05,
613,NIFTY2640722400PE,PE,22400,2026-04-07,10426626,65,40729,NIFTY,0.05,
614,NIFTY2640722650CE,CE,22650,2026-04-07,10429442,65,40740,NIFTY,0.05,
615,NIFTY2640722650PE,PE,22650,2026-04-07,10429698,65,40741,NIFTY,0.05,
616,NIFTY2640722350CE,CE,22350,2026-04-07,10425858,65,40726,NIFTY,0.05,
617,NIFTY2640722350PE,PE,22350,2026-04-07,10426114,65,40727,NIFTY,0.05,
618,NIFTY2640722700CE,CE,22700,2026-04-07,10429954,65,40742,NIFTY,0.05,
619,NIFTY2640722700PE,PE,22700,2026-04-07,10430722,65,40745,NIFTY,0.05,
620,NIFTY2640722300CE,CE,22300,2026-04-07,10425346,65,40724,NIFTY,0.05,
621,NIFTY2640722300PE,PE,22300,2026-04-07,10425602,65,40725,NIFTY,0.05,
622,NIFTY2640722750CE,CE,22750,2026-04-07,10431234,65,40747,NIFTY,0.05,
623,NIFTY2640722750PE,PE,22750,2026-04-07,10432258,65,40751,NIFTY,0.05,
624,NIFTY2640722250CE,CE,22250,2026-04-07,10423810,65,40718,NIFTY,0.05,
625,NIFTY2640722250PE,PE,22250,2026-04-07,10425090,65,40723,NIFTY,0.05,
626,NIFTY2640722800CE,CE,22800,2026-04-07,10432514,65,40752,NIFTY,0.05,
627,NIFTY2640722800PE,PE,22800,2026-04-07,10432770,65,40753,NIFTY,0.05,
628,NIFTY2640722200CE,CE,22200,2026-04-07,10422786,65,40714,NIFTY,0.05,
629,NIFTY2640722200PE,PE,22200,2026-04-07,10423554,65,40717,NIFTY,0.05,
630,NIFTY2640722850CE,CE,22850,2026-04-07,10433026,65,40754,NIFTY,0.05,
631,NIFTY2640722850PE,PE,22850,2026-04-07,10434562,65,40760,NIFTY,0.05,
632,NIFTY2640722150CE,CE,22150,2026-04-07,10420994,65,40707,NIFTY,0.05,
633,NIFTY2640722150PE,PE,22150,2026-04-07,10421250,65,40708,NIFTY,0.05,
634,NIFTY2640722900PE,PE,22900,2026-04-07,10436866,65,40769,NIFTY,0.05,
635,NIFTY2640726600CE,CE,26600,2026-04-07,10495490,65,40998,NIFTY,0.05,
636,NIFTY2640726600PE,PE,26600,2026-04-07,10495746,65,40999,NIFTY,0.05,
637,NIFTY2640726550CE,CE,26550,2026-04-07,10494978,65,40996,NIFTY,0.05,
638,NIFTY2640726550PE,PE,26550,2026-04-07,10495234,65,40997,NIFTY,0.05,
639,NIFTY2640726500CE,CE,26500,2026-04-07,10494466,65,40994,NIFTY,0.05,
640,NIFTY2640726500PE,PE,26500,2026-04-07,10494722,65,40995,NIFTY,0.05,
641,NIFTY2640726450CE,CE,26450,2026-04-07,10493954,65,40992,NIFTY,0.05,
642,NIFTY2640726450PE,PE,26450,2026-04-07,10494210,65,40993,NIFTY,0.05,
643,NIFTY2640726400CE,CE,26400,2026-04-07,10493442,65,40990,NIFTY,0.05,
644,NIFTY2640726400PE,PE,26400,2026-04-07,10493698,65,40991,NIFTY,0.05,
645,NIFTY2640726350CE,CE,26350,2026-04-07,10491906,65,40984,NIFTY,0.05,
646,NIFTY2640726350PE,PE,26350,2026-04-07,10492162,65,40985,NIFTY,0.05,
647,NIFTY2640726300CE,CE,26300,2026-04-07,10491394,65,40982,NIFTY,0.05,
648,NIFTY2640726300PE,PE,26300,2026-04-07,10491650,65,40983,NIFTY,0.05,
649,NIFTY2640726250CE,CE,26250,2026-04-07,10490882,65,40980,NIFTY,0.05,
650,NIFTY2640726250PE,PE,26250,2026-04-07,10491138,65,40981,NIFTY,0.05,
651,NIFTY2640726200CE,CE,26200,2026-04-07,10490370,65,40978,NIFTY,0.05,
652,NIFTY2640726200PE,PE,26200,2026-04-07,10490626,65,40979,NIFTY,0.05,
653,NIFTY2640726150CE,CE,26150,2026-04-07,10489858,65,40976,NIFTY,0.05,
654,NIFTY2640726150PE,PE,26150,2026-04-07,10490114,65,40977,NIFTY,0.05,
655,NIFTY2640726100CE,CE,26100,2026-04-07,10489346,65,40974,NIFTY,0.05,
656,NIFTY2640726100PE,PE,26100,2026-04-07,10489602,65,40975,NIFTY,0.05,
657,NIFTY2640726050CE,CE,26050,2026-04-07,10488834,65,40972,NIFTY,0.05,
658,NIFTY2640726050PE,PE,26050,2026-04-07,10489090,65,40973,NIFTY,0.05,
659,NIFTY2640726000CE,CE,26000,2026-04-07,10488322,65,40970,NIFTY,0.05,
660,NIFTY2640726000PE,PE,26000,2026-04-07,10488578,65,40971,NIFTY,0.05,
661,NIFTY2640725950CE,CE,25950,2026-04-07,10487554,65,40967,NIFTY,0.05,
662,NIFTY2640725950PE,PE,25950,2026-04-07,10488066,65,40969,NIFTY,0.05,
663,NIFTY2640725900CE,CE,25900,2026-04-07,10486530,65,40963,NIFTY,0.05,
664,NIFTY2640725900PE,PE,25900,2026-04-07,10487298,65,40966,NIFTY,0.05,
665,NIFTY2640725850CE,CE,25850,2026-04-07,10486018,65,40961,NIFTY,0.05,
666,NIFTY2640725850PE,PE,25850,2026-04-07,10486274,65,40962,NIFTY,0.05,
667,NIFTY2640725800CE,CE,25800,2026-04-07,10485506,65,40959,NIFTY,0.05,
668,NIFTY2640725800PE,PE,25800,2026-04-07,10485762,65,40960,NIFTY,0.05,
669,NIFTY2640725750CE,CE,25750,2026-04-07,10484226,65,40954,NIFTY,0.05,
670,NIFTY2640725750PE,PE,25750,2026-04-07,10485250,65,40958,NIFTY,0.05,
671,NIFTY2640725700CE,CE,25700,2026-04-07,10483202,65,40950,NIFTY,0.05,
672,NIFTY2640725700PE,PE,25700,2026-04-07,10483970,65,40953,NIFTY,0.05,
673,NIFTY2640725650CE,CE,25650,2026-04-07,10482690,65,40948,NIFTY,0.05,
674,NIFTY2640725650PE,PE,25650,2026-04-07,10482946,65,40949,NIFTY,0.05,
675,NIFTY2640725600CE,CE,25600,2026-04-07,10482178,65,40946,NIFTY,0.05,
676,NIFTY2640725600PE,PE,25600,2026-04-07,10482434,65,40947,NIFTY,0.05,
677,NIFTY2640725550CE,CE,25550,2026-04-07,10481154,65,40942,NIFTY,0.05,
678,NIFTY2640725550PE,PE,25550,2026-04-07,10481410,65,40943,NIFTY,0.05,
679,NIFTY2640725500CE,CE,25500,2026-04-07,10478338,65,40931,NIFTY,0.05,
680,NIFTY2640725500PE,PE,25500,2026-04-07,10480898,65,40941,NIFTY,0.05,
681,NIFTY2640725450CE,CE,25450,2026-04-07,10477058,65,40926,NIFTY,0.05,
682,NIFTY2640725450PE,PE,25450,2026-04-07,10477314,65,40927,NIFTY,0.05,
683,NIFTY2640725400CE,CE,25400,2026-04-07,10475522,65,40920,NIFTY,0.05,
684,NIFTY2640725400PE,PE,25400,2026-04-07,10476802,65,40925,NIFTY,0.05,
685,NIFTY2640725350CE,CE,25350,2026-04-07,10474498,65,40916,NIFTY,0.05,
686,NIFTY2640725350PE,PE,25350,2026-04-07,10475266,65,40919,NIFTY,0.05,
687,NIFTY2640725300CE,CE,25300,2026-04-07,10473986,65,40914,NIFTY,0.05,
688,NIFTY2640725300PE,PE,25300,2026-04-07,10474242,65,40915,NIFTY,0.05,
689,NIFTY2640725250CE,CE,25250,2026-04-07,10472962,65,40910,NIFTY,0.05,
690,NIFTY2640725250PE,PE,25250,2026-04-07,10473730,65,40913,NIFTY,0.05,
691,NIFTY2640725200CE,CE,25200,2026-04-07,10472450,65,40908,NIFTY,0.05,
692,NIFTY2640725200PE,PE,25200,2026-04-07,10472706,65,40909,NIFTY,0.05,
693,NIFTY2640725150CE,CE,25150,2026-04-07,10470914,65,40902,NIFTY,0.05,
694,NIFTY2640725150PE,PE,25150,2026-04-07,10472194,65,40907,NIFTY,0.05,
695,NIFTY2640725100CE,CE,25100,2026-04-07,10469378,65,40896,NIFTY,0.05,
696,NIFTY2640725100PE,PE,25100,2026-04-07,10470658,65,40901,NIFTY,0.05,
697,NIFTY2640725050CE,CE,25050,2026-04-07,10468866,65,40894,NIFTY,0.05,
698,NIFTY2640725050PE,PE,25050,2026-04-07,10469122,65,40895,NIFTY,0.05,
699,NIFTY2640725000CE,CE,25000,2026-04-07,10467842,65,40890,NIFTY,0.05,
700,NIFTY2640725000PE,PE,25000,2026-04-07,10468610,65,40893,NIFTY,0.05,
701,NIFTY2640724950CE,CE,24950,2026-04-07,10467330,65,40888,NIFTY,0.05,
702,NIFTY2640724950PE,PE,24950,2026-04-07,10467586,65,40889,NIFTY,0.05,
703,NIFTY2640724900CE,CE,24900,2026-04-07,10466306,65,40884,NIFTY,0.05,
704,NIFTY2640724900PE,PE,24900,2026-04-07,10467074,65,40887,NIFTY,0.05,
705,NIFTY2640724850CE,CE,24850,2026-04-07,10465794,65,40882,NIFTY,0.05,
706,NIFTY2640724850PE,PE,24850,2026-04-07,10466050,65,40883,NIFTY,0.05,
707,NIFTY2640724800CE,CE,24800,2026-04-07,10465282,65,40880,NIFTY,0.05,
708,NIFTY2640724800PE,PE,24800,2026-04-07,10465538,65,40881,NIFTY,0.05,
709,NIFTY2640724750CE,CE,24750,2026-04-07,10464770,65,40878,NIFTY,0.05,
710,NIFTY2640724750PE,PE,24750,2026-04-07,10465026,65,40879,NIFTY,0.05,
711,NIFTY2640724700CE,CE,24700,2026-04-07,10464258,65,40876,NIFTY,0.05,
712,NIFTY2640724700PE,PE,24700,2026-04-07,10464514,65,40877,NIFTY,0.05,
713,NIFTY2640724650CE,CE,24650,2026-04-07,10462722,65,40870,NIFTY,0.05,
714,NIFTY2640724650PE,PE,24650,2026-04-07,10464002,65,40875,NIFTY,0.05,
715,NIFTY2640724600CE,CE,24600,2026-04-07,10462210,65,40868,NIFTY,0.05,
716,NIFTY2640724600PE,PE,24600,2026-04-07,10462466,65,40869,NIFTY,0.05,
717,NIFTY2640724550CE,CE,24550,2026-04-07,10461698,65,40866,NIFTY,0.05,
718,NIFTY2640724550PE,PE,24550,2026-04-07,10461954,65,40867,NIFTY,0.05,
719,NIFTY2640724500CE,CE,24500,2026-04-07,10461186,65,40864,NIFTY,0.05,
720,NIFTY2640724500PE,PE,24500,2026-04-07,10461442,65,40865,NIFTY,0.05,
721,NIFTY2640724450CE,CE,24450,2026-04-07,10460674,65,40862,NIFTY,0.05,
722,NIFTY2640724450PE,PE,24450,2026-04-07,10460930,65,40863,NIFTY,0.05,
723,NIFTY2640724400CE,CE,24400,2026-04-07,10459650,65,40858,NIFTY,0.05,
724,NIFTY2640724400PE,PE,24400,2026-04-07,10460418,65,40861,NIFTY,0.05,
725,NIFTY2640724350CE,CE,24350,2026-04-07,10458114,65,40852,NIFTY,0.05,
726,NIFTY2640724350PE,PE,24350,2026-04-07,10459394,65,40857,NIFTY,0.05,
727,NIFTY2640724300CE,CE,24300,2026-04-07,10457602,65,40850,NIFTY,0.05,
728,NIFTY2640724300PE,PE,24300,2026-04-07,10457858,65,40851,NIFTY,0.05,
729,NIFTY2640724250CE,CE,24250,2026-04-07,10455554,65,40842,NIFTY,0.05,
730,NIFTY2640724250PE,PE,24250,2026-04-07,10456834,65,40847,NIFTY,0.05,
731,NIFTY2640724200CE,CE,24200,2026-04-07,10455042,65,40840,NIFTY,0.05,
732,NIFTY2640724200PE,PE,24200,2026-04-07,10455298,65,40841,NIFTY,0.05,
733,NIFTY2640724150CE,CE,24150,2026-04-07,10454530,65,40838,NIFTY,0.05,
734,NIFTY2640724150PE,PE,24150,2026-04-07,10454786,65,40839,NIFTY,0.05,
735,NIFTY2640724100CE,CE,24100,2026-04-07,10453250,65,40833,NIFTY,0.05,
736,NIFTY2640724100PE,PE,24100,2026-04-07,10454274,65,40837,NIFTY,0.05,
737,NIFTY2640724050CE,CE,24050,2026-04-07,10452482,65,40830,NIFTY,0.05,
738,NIFTY2640724050PE,PE,24050,2026-04-07,10452994,65,40832,NIFTY,0.05,
739,NIFTY2640724000CE,CE,24000,2026-04-07,10450946,65,40824,NIFTY,0.05,
740,NIFTY2640724000PE,PE,24000,2026-04-07,10452226,65,40829,NIFTY,0.05,
741,NIFTY2640723950CE,CE,23950,2026-04-07,10450434,65,40822,NIFTY,0.05,
742,NIFTY2640723950PE,PE,23950,2026-04-07,10450690,65,40823,NIFTY,0.05,
743,NIFTY2640723900CE,CE,23900,2026-04-07,10449922,65,40820,NIFTY,0.05,
744,NIFTY2640723900PE,PE,23900,2026-04-07,10450178,65,40821,NIFTY,0.05,
745,NIFTY2640723850CE,CE,23850,2026-04-07,10449410,65,40818,NIFTY,0.05,
746,NIFTY2640723850PE,PE,23850,2026-04-07,10449666,65,40819,NIFTY,0.05,
747,NIFTY2640723800CE,CE,23800,2026-04-07,10448898,65,40816,NIFTY,0.05,
748,NIFTY2640723800PE,PE,23800,2026-04-07,10449154,65,40817,NIFTY,0.05,
749,NIFTY2640723750CE,CE,23750,2026-04-07,10447106,65,40809,NIFTY,0.05,
750,NIFTY2640723750PE,PE,23750,2026-04-07,10448386,65,40814,NIFTY,0.05,
751,NIFTY2640723700CE,CE,23700,2026-04-07,10445826,65,40804,NIFTY,0.05,
752,NIFTY2640723700PE,PE,23700,2026-04-07,10446338,65,40806,NIFTY,0.05,
753,NIFTY2640723650CE,CE,23650,2026-04-07,10445314,65,40802,NIFTY,0.05,
754,NIFTY2640723650PE,PE,23650,2026-04-07,10445570,65,40803,NIFTY,0.05,
755,NIFTY2640723600CE,CE,23600,2026-04-07,10444802,65,40800,NIFTY,0.05,
756,NIFTY2640723600PE,PE,23600,2026-04-07,10445058,65,40801,NIFTY,0.05,
757,NIFTY2640723550CE,CE,23550,2026-04-07,10444290,65,40798,NIFTY,0.05,
758,NIFTY2640723550PE,PE,23550,2026-04-07,10444546,65,40799,NIFTY,0.05,
759,NIFTY2640723500CE,CE,23500,2026-04-07,10443778,65,40796,NIFTY,0.05,
760,NIFTY2640723500PE,PE,23500,2026-04-07,10444034,65,40797,NIFTY,0.05,
761,NIFTY2640723450CE,CE,23450,2026-04-07,10442754,65,40792,NIFTY,0.05,
762,NIFTY2640723450PE,PE,23450,2026-04-07,10443522,65,40795,NIFTY,0.05,
763,NIFTY2640723400CE,CE,23400,2026-04-07,10442242,65,40790,NIFTY,0.05,
764,NIFTY2640723400PE,PE,23400,2026-04-07,10442498,65,40791,NIFTY,0.05,
765,NIFTY2640723350CE,CE,23350,2026-04-07,10441730,65,40788,NIFTY,0.05,
766,NIFTY2640723350PE,PE,23350,2026-04-07,10441986,65,40789,NIFTY,0.05,
767,NIFTY2640723300CE,CE,23300,2026-04-07,10440962,65,40785,NIFTY,0.05,
768,NIFTY2640723300PE,PE,23300,2026-04-07,10441474,65,40787,NIFTY,0.05,
769,NIFTY2640723250CE,CE,23250,2026-04-07,10440450,65,40783,NIFTY,0.05,
770,NIFTY2640723250PE,PE,23250,2026-04-07,10440706,65,40784,NIFTY,0.05,
771,NIFTY2640723200CE,CE,23200,2026-04-07,10439938,65,40781,NIFTY,0.05,
772,NIFTY2640723200PE,PE,23200,2026-04-07,10440194,65,40782,NIFTY,0.05,
773,NIFTY2640723150CE,CE,23150,2026-04-07,10439170,65,40778,NIFTY,0.05,
774,NIFTY2640723150PE,PE,23150,2026-04-07,10439426,65,40779,NIFTY,0.05,
775,NIFTY2640723100CE,CE,23100,2026-04-07,10438658,65,40776,NIFTY,0.05,
776,NIFTY2640723100PE,PE,23100,2026-04-07,10438914,65,40777,NIFTY,0.05,
777,NIFTY2640723050CE,CE,23050,2026-04-07,10438146,65,40774,NIFTY,0.05,
778,NIFTY2640723050PE,PE,23050,2026-04-07,10438402,65,40775,NIFTY,0.05,
779,NIFTY2640723000CE,CE,23000,2026-04-07,10437634,65,40772,NIFTY,0.05,
780,NIFTY2640723000PE,PE,23000,2026-04-07,10437890,65,40773,NIFTY,0.05,
781,NIFTY2640722950CE,CE,22950,2026-04-07,10437122,65,40770,NIFTY,0.05,
782,NIFTY2640722950PE,PE,22950,2026-04-07,10437378,65,40771,NIFTY,0.05,
783,NIFTY2640722900CE,CE,22900,2026-04-07,10434818,65,40761,NIFTY,0.05,
784,NIFTY2640722100CE,CE,22100,2026-04-07,10420482,65,40705,NIFTY,0.05,
785,NIFTY2640722100PE,PE,22100,2026-04-07,10420738,65,40706,NIFTY,0.05,
786,NIFTY2640722050CE,CE,22050,2026-04-07,10419970,65,40703,NIFTY,0.05,
787,NIFTY2640722050PE,PE,22050,2026-04-07,10420226,65,40704,NIFTY,0.05,
788,NIFTY2640722000CE,CE,22000,2026-04-07,10419202,65,40700,NIFTY,0.05,
789,NIFTY2640722000PE,PE,22000,2026-04-07,10419458,65,40701,NIFTY,0.05,
790,NIFTY2640721950CE,CE,21950,2026-04-07,10418690,65,40698,NIFTY,0.05,
791,NIFTY2640721950PE,PE,21950,2026-04-07,10418946,65,40699,NIFTY,0.05,
792,NIFTY2640721900CE,CE,21900,2026-04-07,10418178,65,40696,NIFTY,0.05,
793,NIFTY2640721900PE,PE,21900,2026-04-07,10418434,65,40697,NIFTY,0.05,
794,NIFTY2640721850CE,CE,21850,2026-04-07,10417666,65,40694,NIFTY,0.05,
795,NIFTY2640721850PE,PE,21850,2026-04-07,10417922,65,40695,NIFTY,0.05,
796,NIFTY2640721800CE,CE,21800,2026-04-07,10417154,65,40692,NIFTY,0.05,
797,NIFTY2640721800PE,PE,21800,2026-04-07,10417410,65,40693,NIFTY,0.05,
798,NIFTY2640721750CE,CE,21750,2026-04-07,10416642,65,40690,NIFTY,0.05,
799,NIFTY2640721750PE,PE,21750,2026-04-07,10416898,65,40691,NIFTY,0.05,
800,NIFTY2640721700CE,CE,21700,2026-04-07,10416130,65,40688,NIFTY,0.05,
801,NIFTY2640721700PE,PE,21700,2026-04-07,10416386,65,40689,NIFTY,0.05,
802,NIFTY2640721650CE,CE,21650,2026-04-07,10415106,65,40684,NIFTY,0.05,
803,NIFTY2640721650PE,PE,21650,2026-04-07,10415874,65,40687,NIFTY,0.05,
804,NIFTY2640721600CE,CE,21600,2026-04-07,10414594,65,40682,NIFTY,0.05,
805,NIFTY2640721600PE,PE,21600,2026-04-07,10414850,65,40683,NIFTY,0.05,
806,NIFTY2640721550CE,CE,21550,2026-04-07,10414082,65,40680,NIFTY,0.05,
807,NIFTY2640721550PE,PE,21550,2026-04-07,10414338,65,40681,NIFTY,0.05,
808,NIFTY2640721500CE,CE,21500,2026-04-07,10413570,65,40678,NIFTY,0.05,
809,NIFTY2640721500PE,PE,21500,2026-04-07,10413826,65,40679,NIFTY,0.05,
810,NIFTY2640721450CE,CE,21450,2026-04-07,10411010,65,40668,NIFTY,0.05,
811,NIFTY2640721450PE,PE,21450,2026-04-07,10413314,65,40677,NIFTY,0.05,
812,NIFTY2640721400CE,CE,21400,2026-04-07,10409986,65,40664,NIFTY,0.05,
813,NIFTY2640721400PE,PE,21400,2026-04-07,10410754,65,40667,NIFTY,0.05,
814,NIFTY2640721350CE,CE,21350,2026-04-07,10409474,65,40662,NIFTY,0.05,
815,NIFTY2640721350PE,PE,21350,2026-04-07,10409730,65,40663,NIFTY,0.05,
816,NIFTY2640721300CE,CE,21300,2026-04-07,10408962,65,40660,NIFTY,0.05,
817,NIFTY2640721300PE,PE,21300,2026-04-07,10409218,65,40661,NIFTY,0.05,
818,NIFTY2640721250CE,CE,21250,2026-04-07,10407938,65,40656,NIFTY,0.05,
819,NIFTY2640721250PE,PE,21250,2026-04-07,10408706,65,40659,NIFTY,0.05,
820,NIFTY2640721200CE,CE,21200,2026-04-07,10406914,65,40652,NIFTY,0.05,
821,NIFTY2640721200PE,PE,21200,2026-04-07,10407682,65,40655,NIFTY,0.05,
822,NIFTY2640721150CE,CE,21150,2026-04-07,10405890,65,40648,NIFTY,0.05,
823,NIFTY2640721150PE,PE,21150,2026-04-07,10406658,65,40651,NIFTY,0.05,
824,NIFTY2640721100CE,CE,21100,2026-04-07,10404866,65,40644,NIFTY,0.05,
825,NIFTY2640721100PE,PE,21100,2026-04-07,10405634,65,40647,NIFTY,0.05,
826,NIFTY2640721050CE,CE,21050,2026-04-07,10404354,65,40642,NIFTY,0.05,
827,NIFTY2640721050PE,PE,21050,2026-04-07,10404610,65,40643,NIFTY,0.05,
828,NIFTY2640721000CE,CE,21000,2026-04-07,10403842,65,40640,NIFTY,0.05,
829,NIFTY2640721000PE,PE,21000,2026-04-07,10404098,65,40641,NIFTY,0.05,
830,NIFTY2640720950CE,CE,20950,2026-04-07,10403330,65,40638,NIFTY,0.05,
831,NIFTY2640720950PE,PE,20950,2026-04-07,10403586,65,40639,NIFTY,0.05,
832,NIFTY2640720900CE,CE,20900,2026-04-07,10401794,65,40632,NIFTY,0.05,
833,NIFTY2640720900PE,PE,20900,2026-04-07,10403074,65,40637,NIFTY,0.05,
834,NIFTY2640720850CE,CE,20850,2026-04-07,10400258,65,40626,NIFTY,0.05,
835,NIFTY2640720850PE,PE,20850,2026-04-07,10401538,65,40631,NIFTY,0.05,
836,NIFTY2640720800CE,CE,20800,2026-04-07,10399746,65,40624,NIFTY,0.05,
837,NIFTY2640720800PE,PE,20800,2026-04-07,10400002,65,40625,NIFTY,0.05,
838,NIFTY2640720750CE,CE,20750,2026-04-07,10397698,65,40616,NIFTY,0.05,
839,NIFTY2640720750PE,PE,20750,2026-04-07,10399490,65,40623,NIFTY,0.05,
840,NIFTY2640720700CE,CE,20700,2026-04-07,10394626,65,40604,NIFTY,0.05,
841,NIFTY2640720700PE,PE,20700,2026-04-07,10397442,65,40615,NIFTY,0.05,
842,NIFTY2640720650CE,CE,20650,2026-04-07,10392578,65,40596,NIFTY,0.05,
843,NIFTY2640720650PE,PE,20650,2026-04-07,10394370,65,40603,NIFTY,0.05,
844,NIFTY2640720600CE,CE,20600,2026-04-07,10392066,65,40594,NIFTY,0.05,
845,NIFTY2640720600PE,PE,20600,2026-04-07,10392322,65,40595,NIFTY,0.05,
846,NIFTY2640720550CE,CE,20550,2026-04-07,10391554,65,40592,NIFTY,0.05,
847,NIFTY2640720550PE,PE,20550,2026-04-07,10391810,65,40593,NIFTY,0.05,
848,NIFTY2640720500CE,CE,20500,2026-04-07,10391042,65,40590,NIFTY,0.05,
849,NIFTY2640720500PE,PE,20500,2026-04-07,10391298,65,40591,NIFTY,0.05,
850,NIFTY2641322500CE,CE,22500,2026-04-13,14003458,65,54701,NIFTY,0.05,
851,NIFTY2641322500PE,PE,22500,2026-04-13,14003714,65,54702,NIFTY,0.05,
852,NIFTY2641322550CE,CE,22550,2026-04-13,14003970,65,54703,NIFTY,0.05,
853,NIFTY2641322550PE,PE,22550,2026-04-13,14004226,65,54704,NIFTY,0.05,
854,NIFTY2641322450CE,CE,22450,2026-04-13,14002946,65,54699,NIFTY,0.05,
855,NIFTY2641322450PE,PE,22450,2026-04-13,14003202,65,54700,NIFTY,0.05,
856,NIFTY2641322600CE,CE,22600,2026-04-13,14004482,65,54705,NIFTY,0.05,
857,NIFTY2641322600PE,PE,22600,2026-04-13,14004738,65,54706,NIFTY,0.05,
858,NIFTY2641322400CE,CE,22400,2026-04-13,14002434,65,54697,NIFTY,0.05,
859,NIFTY2641322400PE,PE,22400,2026-04-13,14002690,65,54698,NIFTY,0.05,
860,NIFTY2641322650CE,CE,22650,2026-04-13,14004994,65,54707,NIFTY,0.05,
861,NIFTY2641322650PE,PE,22650,2026-04-13,14005762,65,54710,NIFTY,0.05,
862,NIFTY2641322350CE,CE,22350,2026-04-13,14001922,65,54695,NIFTY,0.05,
863,NIFTY2641322350PE,PE,22350,2026-04-13,14002178,65,54696,NIFTY,0.05,
864,NIFTY2641322700CE,CE,22700,2026-04-13,14006018,65,54711,NIFTY,0.05,
865,NIFTY2641322700PE,PE,22700,2026-04-13,14017026,65,54754,NIFTY,0.05,
866,NIFTY2641322300CE,CE,22300,2026-04-13,14001410,65,54693,NIFTY,0.05,
867,NIFTY2641322300PE,PE,22300,2026-04-13,14001666,65,54694,NIFTY,0.05,
868,NIFTY2641322750CE,CE,22750,2026-04-13,14017282,65,54755,NIFTY,0.05,
869,NIFTY2641322750PE,PE,22750,2026-04-13,14017538,65,54756,NIFTY,0.05,
870,NIFTY2641322250CE,CE,22250,2026-04-13,14000898,65,54691,NIFTY,0.05,
871,NIFTY2641322250PE,PE,22250,2026-04-13,14001154,65,54692,NIFTY,0.05,
872,NIFTY2641322800CE,CE,22800,2026-04-13,14017794,65,54757,NIFTY,0.05,
873,NIFTY2641322800PE,PE,22800,2026-04-13,14018050,65,54758,NIFTY,0.05,
874,NIFTY2641322200CE,CE,22200,2026-04-13,14000386,65,54689,NIFTY,0.05,
875,NIFTY2641322200PE,PE,22200,2026-04-13,14000642,65,54690,NIFTY,0.05,
876,NIFTY2641322850CE,CE,22850,2026-04-13,14018306,65,54759,NIFTY,0.05,
877,NIFTY2641322850PE,PE,22850,2026-04-13,14018562,65,54760,NIFTY,0.05,
878,NIFTY2641322150CE,CE,22150,2026-04-13,13999874,65,54687,NIFTY,0.05,
879,NIFTY2641322150PE,PE,22150,2026-04-13,14000130,65,54688,NIFTY,0.05,
880,NIFTY2641322900PE,PE,22900,2026-04-13,14019074,65,54762,NIFTY,0.05,
881,NIFTY2641326000CE,CE,26000,2026-04-13,14077442,65,54990,NIFTY,0.05,
882,NIFTY2641326000PE,PE,26000,2026-04-13,14077698,65,54991,NIFTY,0.05,
883,NIFTY2641325950CE,CE,25950,2026-04-13,14076930,65,54988,NIFTY,0.05,
884,NIFTY2641325950PE,PE,25950,2026-04-13,14077186,65,54989,NIFTY,0.05,
885,NIFTY2641325900CE,CE,25900,2026-04-13,14075906,65,54984,NIFTY,0.05,
886,NIFTY2641325900PE,PE,25900,2026-04-13,14076162,65,54985,NIFTY,0.05,
887,NIFTY2641325850CE,CE,25850,2026-04-13,14075394,65,54982,NIFTY,0.05,
888,NIFTY2641325850PE,PE,25850,2026-04-13,14075650,65,54983,NIFTY,0.05,
889,NIFTY2641325800CE,CE,25800,2026-04-13,14074882,65,54980,NIFTY,0.05,
890,NIFTY2641325800PE,PE,25800,2026-04-13,14075138,65,54981,NIFTY,0.05,
891,NIFTY2641325750CE,CE,25750,2026-04-13,14074370,65,54978,NIFTY,0.05,
892,NIFTY2641325750PE,PE,25750,2026-04-13,14074626,65,54979,NIFTY,0.05,
893,NIFTY2641325700CE,CE,25700,2026-04-13,14073858,65,54976,NIFTY,0.05,
894,NIFTY2641325700PE,PE,25700,2026-04-13,14074114,65,54977,NIFTY,0.05,
895,NIFTY2641325650CE,CE,25650,2026-04-13,14073346,65,54974,NIFTY,0.05,
896,NIFTY2641325650PE,PE,25650,2026-04-13,14073602,65,54975,NIFTY,0.05,
897,NIFTY2641325600CE,CE,25600,2026-04-13,14072834,65,54972,NIFTY,0.05,
898,NIFTY2641325600PE,PE,25600,2026-04-13,14073090,65,54973,NIFTY,0.05,
899,NIFTY2641325550CE,CE,25550,2026-04-13,14072322,65,54970,NIFTY,0.05,
900,NIFTY2641325550PE,PE,25550,2026-04-13,14072578,65,54971,NIFTY,0.05,
901,NIFTY2641325500CE,CE,25500,2026-04-13,14071810,65,54968,NIFTY,0.05,
902,NIFTY2641325500PE,PE,25500,2026-04-13,14072066,65,54969,NIFTY,0.05,
903,NIFTY2641325450CE,CE,25450,2026-04-13,14071298,65,54966,NIFTY,0.05,
904,NIFTY2641325450PE,PE,25450,2026-04-13,14071554,65,54967,NIFTY,0.05,
905,NIFTY2641325400CE,CE,25400,2026-04-13,14070786,65,54964,NIFTY,0.05,
906,NIFTY2641325400PE,PE,25400,2026-04-13,14071042,65,54965,NIFTY,0.05,
907,NIFTY2641325350CE,CE,25350,2026-04-13,14070274,65,54962,NIFTY,0.05,
908,NIFTY2641325350PE,PE,25350,2026-04-13,14070530,65,54963,NIFTY,0.05,
909,NIFTY2641325300CE,CE,25300,2026-04-13,14057474,65,54912,NIFTY,0.05,
910,NIFTY2641325300PE,PE,25300,2026-04-13,14057730,65,54913,NIFTY,0.05,
911,NIFTY2641325250CE,CE,25250,2026-04-13,14056962,65,54910,NIFTY,0.05,
912,NIFTY2641325250PE,PE,25250,2026-04-13,14057218,65,54911,NIFTY,0.05,
913,NIFTY2641325200CE,CE,25200,2026-04-13,14056450,65,54908,NIFTY,0.05,
914,NIFTY2641325200PE,PE,25200,2026-04-13,14056706,65,54909,NIFTY,0.05,
915,NIFTY2641325150CE,CE,25150,2026-04-13,14055938,65,54906,NIFTY,0.05,
916,NIFTY2641325150PE,PE,25150,2026-04-13,14056194,65,54907,NIFTY,0.05,
917,NIFTY2641325100CE,CE,25100,2026-04-13,14055426,65,54904,NIFTY,0.05,
918,NIFTY2641325100PE,PE,25100,2026-04-13,14055682,65,54905,NIFTY,0.05,
919,NIFTY2641325050CE,CE,25050,2026-04-13,14054914,65,54902,NIFTY,0.05,
920,NIFTY2641325050PE,PE,25050,2026-04-13,14055170,65,54903,NIFTY,0.05,
921,NIFTY2641325000CE,CE,25000,2026-04-13,14052354,65,54892,NIFTY,0.05,
922,NIFTY2641325000PE,PE,25000,2026-04-13,14052610,65,54893,NIFTY,0.05,
923,NIFTY2641324950CE,CE,24950,2026-04-13,14051842,65,54890,NIFTY,0.05,
924,NIFTY2641324950PE,PE,24950,2026-04-13,14052098,65,54891,NIFTY,0.05,
925,NIFTY2641324900CE,CE,24900,2026-04-13,14051330,65,54888,NIFTY,0.05,
926,NIFTY2641324900PE,PE,24900,2026-04-13,14051586,65,54889,NIFTY,0.05,
927,NIFTY2641324850CE,CE,24850,2026-04-13,14050818,65,54886,NIFTY,0.05,
928,NIFTY2641324850PE,PE,24850,2026-04-13,14051074,65,54887,NIFTY,0.05,
929,NIFTY2641324800CE,CE,24800,2026-04-13,14050306,65,54884,NIFTY,0.05,
930,NIFTY2641324800PE,PE,24800,2026-04-13,14050562,65,54885,NIFTY,0.05,
931,NIFTY2641324750CE,CE,24750,2026-04-13,14049794,65,54882,NIFTY,0.05,
932,NIFTY2641324750PE,PE,24750,2026-04-13,14050050,65,54883,NIFTY,0.05,
933,NIFTY2641324700CE,CE,24700,2026-04-13,14049282,65,54880,NIFTY,0.05,
934,NIFTY2641324700PE,PE,24700,2026-04-13,14049538,65,54881,NIFTY,0.05,
935,NIFTY2641324650CE,CE,24650,2026-04-13,14048770,65,54878,NIFTY,0.05,
936,NIFTY2641324650PE,PE,24650,2026-04-13,14049026,65,54879,NIFTY,0.05,
937,NIFTY2641324600CE,CE,24600,2026-04-13,14048258,65,54876,NIFTY,0.05,
938,NIFTY2641324600PE,PE,24600,2026-04-13,14048514,65,54877,NIFTY,0.05,
939,NIFTY2641324550CE,CE,24550,2026-04-13,14047746,65,54874,NIFTY,0.05,
940,NIFTY2641324550PE,PE,24550,2026-04-13,14048002,65,54875,NIFTY,0.05,
941,NIFTY2641324500CE,CE,24500,2026-04-13,14047234,65,54872,NIFTY,0.05,
942,NIFTY2641324500PE,PE,24500,2026-04-13,14047490,65,54873,NIFTY,0.05,
943,NIFTY2641324450CE,CE,24450,2026-04-13,14046722,65,54870,NIFTY,0.05,
944,NIFTY2641324450PE,PE,24450,2026-04-13,14046978,65,54871,NIFTY,0.05,
945,NIFTY2641324400CE,CE,24400,2026-04-13,14046210,65,54868,NIFTY,0.05,
946,NIFTY2641324400PE,PE,24400,2026-04-13,14046466,65,54869,NIFTY,0.05,
947,NIFTY2641324350CE,CE,24350,2026-04-13,14045698,65,54866,NIFTY,0.05,
948,NIFTY2641324350PE,PE,24350,2026-04-13,14045954,65,54867,NIFTY,0.05,
949,NIFTY2641324300CE,CE,24300,2026-04-13,14045186,65,54864,NIFTY,0.05,
950,NIFTY2641324300PE,PE,24300,2026-04-13,14045442,65,54865,NIFTY,0.05,
951,NIFTY2641324250CE,CE,24250,2026-04-13,14037762,65,54835,NIFTY,0.05,
952,NIFTY2641324250PE,PE,24250,2026-04-13,14044930,65,54863,NIFTY,0.05,
953,NIFTY2641324200CE,CE,24200,2026-04-13,14037250,65,54833,NIFTY,0.05,
954,NIFTY2641324200PE,PE,24200,2026-04-13,14037506,65,54834,NIFTY,0.05,
955,NIFTY2641324150CE,CE,24150,2026-04-13,14034178,65,54821,NIFTY,0.05,
956,NIFTY2641324150PE,PE,24150,2026-04-13,14036994,65,54832,NIFTY,0.05,
957,NIFTY2641324100CE,CE,24100,2026-04-13,14033410,65,54818,NIFTY,0.05,
958,NIFTY2641324100PE,PE,24100,2026-04-13,14033922,65,54820,NIFTY,0.05,
959,NIFTY2641324050CE,CE,24050,2026-04-13,14032898,65,54816,NIFTY,0.05,
960,NIFTY2641324050PE,PE,24050,2026-04-13,14033154,65,54817,NIFTY,0.05,
961,NIFTY2641324000CE,CE,24000,2026-04-13,14031874,65,54812,NIFTY,0.05,
962,NIFTY2641324000PE,PE,24000,2026-04-13,14032642,65,54815,NIFTY,0.05,
963,NIFTY2641323950CE,CE,23950,2026-04-13,14031362,65,54810,NIFTY,0.05,
964,NIFTY2641323950PE,PE,23950,2026-04-13,14031618,65,54811,NIFTY,0.05,
965,NIFTY2641323900CE,CE,23900,2026-04-13,14030850,65,54808,NIFTY,0.05,
966,NIFTY2641323900PE,PE,23900,2026-04-13,14031106,65,54809,NIFTY,0.05,
967,NIFTY2641323850CE,CE,23850,2026-04-13,14030338,65,54806,NIFTY,0.05,
968,NIFTY2641323850PE,PE,23850,2026-04-13,14030594,65,54807,NIFTY,0.05,
969,NIFTY2641323800CE,CE,23800,2026-04-13,14029826,65,54804,NIFTY,0.05,
970,NIFTY2641323800PE,PE,23800,2026-04-13,14030082,65,54805,NIFTY,0.05,
971,NIFTY2641323750CE,CE,23750,2026-04-13,14029314,65,54802,NIFTY,0.05,
972,NIFTY2641323750PE,PE,23750,2026-04-13,14029570,65,54803,NIFTY,0.05,
973,NIFTY2641323700CE,CE,23700,2026-04-13,14028802,65,54800,NIFTY,0.05,
974,NIFTY2641323700PE,PE,23700,2026-04-13,14029058,65,54801,NIFTY,0.05,
975,NIFTY2641323650CE,CE,23650,2026-04-13,14028290,65,54798,NIFTY,0.05,
976,NIFTY2641323650PE,PE,23650,2026-04-13,14028546,65,54799,NIFTY,0.05,
977,NIFTY2641323600CE,CE,23600,2026-04-13,14027778,65,54796,NIFTY,0.05,
978,NIFTY2641323600PE,PE,23600,2026-04-13,14028034,65,54797,NIFTY,0.05,
979,NIFTY2641323550CE,CE,23550,2026-04-13,14027266,65,54794,NIFTY,0.05,
980,NIFTY2641323550PE,PE,23550,2026-04-13,14027522,65,54795,NIFTY,0.05,
981,NIFTY2641323500CE,CE,23500,2026-04-13,14026754,65,54792,NIFTY,0.05,
982,NIFTY2641323500PE,PE,23500,2026-04-13,14027010,65,54793,NIFTY,0.05,
983,NIFTY2641323450CE,CE,23450,2026-04-13,14026242,65,54790,NIFTY,0.05,
984,NIFTY2641323450PE,PE,23450,2026-04-13,14026498,65,54791,NIFTY,0.05,
985,NIFTY2641323400CE,CE,23400,2026-04-13,14025730,65,54788,NIFTY,0.05,
986,NIFTY2641323400PE,PE,23400,2026-04-13,14025986,65,54789,NIFTY,0.05,
987,NIFTY2641323350CE,CE,23350,2026-04-13,14023426,65,54779,NIFTY,0.05,
988,NIFTY2641323350PE,PE,23350,2026-04-13,14025474,65,54787,NIFTY,0.05,
989,NIFTY2641323300CE,CE,23300,2026-04-13,14022914,65,54777,NIFTY,0.05,
990,NIFTY2641323300PE,PE,23300,2026-04-13,14023170,65,54778,NIFTY,0.05,
991,NIFTY2641323250CE,CE,23250,2026-04-13,14022402,65,54775,NIFTY,0.05,
992,NIFTY2641323250PE,PE,23250,2026-04-13,14022658,65,54776,NIFTY,0.05,
993,NIFTY2641323200CE,CE,23200,2026-04-13,14021890,65,54773,NIFTY,0.05,
994,NIFTY2641323200PE,PE,23200,2026-04-13,14022146,65,54774,NIFTY,0.05,
995,NIFTY2641323150CE,CE,23150,2026-04-13,14021378,65,54771,NIFTY,0.05,
996,NIFTY2641323150PE,PE,23150,2026-04-13,14021634,65,54772,NIFTY,0.05,
997,NIFTY2641323100CE,CE,23100,2026-04-13,14020866,65,54769,NIFTY,0.05,
998,NIFTY2641323100PE,PE,23100,2026-04-13,14021122,65,54770,NIFTY,0.05,
999,NIFTY2641323050CE,CE,23050,2026-04-13,14020354,65,54767,NIFTY,0.05,
1000,NIFTY2641323050PE,PE,23050,2026-04-13,14020610,65,54768,NIFTY,0.05,
1001,NIFTY2641323000CE,CE,23000,2026-04-13,14019842,65,54765,NIFTY,0.05,
1002,NIFTY2641323000PE,PE,23000,2026-04-13,14020098,65,54766,NIFTY,0.05,
1003,NIFTY2641322950CE,CE,22950,2026-04-13,14019330,65,54763,NIFTY,0.05,
1004,NIFTY2641322950PE,PE,22950,2026-04-13,14019586,65,54764,NIFTY,0.05,
1005,NIFTY2641322900CE,CE,22900,2026-04-13,14018818,65,54761,NIFTY,0.05,
1006,NIFTY2641322100CE,CE,22100,2026-04-13,13999362,65,54685,NIFTY,0.05,
1007,NIFTY2641322100PE,PE,22100,2026-04-13,13999618,65,54686,NIFTY,0.05,
1008,NIFTY2641322050CE,CE,22050,2026-04-13,13998850,65,54683,NIFTY,0.05,
1009,NIFTY2641322050PE,PE,22050,2026-04-13,13999106,65,54684,NIFTY,0.05,
1010,NIFTY2641322000CE,CE,22000,2026-04-13,13998338,65,54681,NIFTY,0.05,
1011,NIFTY2641322000PE,PE,22000,2026-04-13,13998594,65,54682,NIFTY,0.05,
1012,NIFTY2641321950CE,CE,21950,2026-04-13,13997826,65,54679,NIFTY,0.05,
1013,NIFTY2641321950PE,PE,21950,2026-04-13,13998082,65,54680,NIFTY,0.05,
1014,NIFTY2641321900CE,CE,21900,2026-04-13,13997058,65,54676,NIFTY,0.05,
1015,NIFTY2641321900PE,PE,21900,2026-04-13,13997570,65,54678,NIFTY,0.05,
1016,NIFTY2641321850CE,CE,21850,2026-04-13,13996546,65,54674,NIFTY,0.05,
1017,NIFTY2641321850PE,PE,21850,2026-04-13,13996802,65,54675,NIFTY,0.05,
1018,NIFTY2641321800CE,CE,21800,2026-04-13,13993730,65,54663,NIFTY,0.05,
1019,NIFTY2641321800PE,PE,21800,2026-04-13,13995522,65,54670,NIFTY,0.05,
1020,NIFTY2641321750CE,CE,21750,2026-04-13,13993218,65,54661,NIFTY,0.05,
1021,NIFTY2641321750PE,PE,21750,2026-04-13,13993474,65,54662,NIFTY,0.05,
1022,NIFTY2641321700CE,CE,21700,2026-04-13,13992706,65,54659,NIFTY,0.05,
1023,NIFTY2641321700PE,PE,21700,2026-04-13,13992962,65,54660,NIFTY,0.05,
1024,NIFTY2641321650CE,CE,21650,2026-04-13,13992194,65,54657,NIFTY,0.05,
1025,NIFTY2641321650PE,PE,21650,2026-04-13,13992450,65,54658,NIFTY,0.05,
1026,NIFTY2641321600CE,CE,21600,2026-04-13,13990146,65,54649,NIFTY,0.05,
1027,NIFTY2641321600PE,PE,21600,2026-04-13,13991938,65,54656,NIFTY,0.05,
1028,NIFTY2641321550CE,CE,21550,2026-04-13,13989634,65,54647,NIFTY,0.05,
1029,NIFTY2641321550PE,PE,21550,2026-04-13,13989890,65,54648,NIFTY,0.05,
1030,NIFTY2641321500CE,CE,21500,2026-04-13,13986562,65,54635,NIFTY,0.05,
1031,NIFTY2641321500PE,PE,21500,2026-04-13,13987330,65,54638,NIFTY,0.05,
1032,NIFTY2641321450CE,CE,21450,2026-04-13,13985026,65,54629,NIFTY,0.05,
1033,NIFTY2641321450PE,PE,21450,2026-04-13,13986306,65,54634,NIFTY,0.05,
1034,NIFTY2641321400CE,CE,21400,2026-04-13,13980162,65,54610,NIFTY,0.05,
1035,NIFTY2641321400PE,PE,21400,2026-04-13,13984770,65,54628,NIFTY,0.05,
1036,NIFTY2641321350CE,CE,21350,2026-04-13,13979650,65,54608,NIFTY,0.05,
1037,NIFTY2641321350PE,PE,21350,2026-04-13,13979906,65,54609,NIFTY,0.05,
1038,NIFTY2641321300CE,CE,21300,2026-04-13,13979138,65,54606,NIFTY,0.05,
1039,NIFTY2641321300PE,PE,21300,2026-04-13,13979394,65,54607,NIFTY,0.05,
1040,NIFTY2641321250CE,CE,21250,2026-04-13,13978626,65,54604,NIFTY,0.05,
1041,NIFTY2641321250PE,PE,21250,2026-04-13,13978882,65,54605,NIFTY,0.05,
1042,NIFTY2641321200CE,CE,21200,2026-04-13,13978114,65,54602,NIFTY,0.05,
1043,NIFTY2641321200PE,PE,21200,2026-04-13,13978370,65,54603,NIFTY,0.05,
1044,NIFTY2641321150CE,CE,21150,2026-04-13,13953026,65,54504,NIFTY,0.05,
1045,NIFTY2641321150PE,PE,21150,2026-04-13,13977858,65,54601,NIFTY,0.05,
1046,NIFTY2641321100CE,CE,21100,2026-04-13,13941250,65,54458,NIFTY,0.05,
1047,NIFTY2641321100PE,PE,21100,2026-04-13,13952770,65,54503,NIFTY,0.05,
1048,NIFTY2641321050CE,CE,21050,2026-04-13,13916930,65,54363,NIFTY,0.05,
1049,NIFTY2641321050PE,PE,21050,2026-04-13,13917186,65,54364,NIFTY,0.05,
1050,NIFTY2641321000CE,CE,21000,2026-04-13,13916418,65,54361,NIFTY,0.05,
1051,NIFTY2641321000PE,PE,21000,2026-04-13,13916674,65,54362,NIFTY,0.05,
1052,NIFTY2641320950CE,CE,20950,2026-04-13,13892866,65,54269,NIFTY,0.05,
1053,NIFTY2641320950PE,PE,20950,2026-04-13,13901314,65,54302,NIFTY,0.05,
1054,NIFTY2641320900CE,CE,20900,2026-04-13,13872386,65,54189,NIFTY,0.05,
1055,NIFTY2641320900PE,PE,20900,2026-04-13,13873922,65,54195,NIFTY,0.05,
1056,NIFTY2641320850CE,CE,20850,2026-04-13,13867522,65,54170,NIFTY,0.05,
1057,NIFTY2641320850PE,PE,20850,2026-04-13,13867778,65,54171,NIFTY,0.05,
1058,NIFTY2641320800CE,CE,20800,2026-04-13,13857282,65,54130,NIFTY,0.05,
1059,NIFTY2641320800PE,PE,20800,2026-04-13,13857538,65,54131,NIFTY,0.05,
1060,NIFTY2641320750CE,CE,20750,2026-04-13,13856770,65,54128,NIFTY,0.05,
1061,NIFTY2641320750PE,PE,20750,2026-04-13,13857026,65,54129,NIFTY,0.05,
1062,NIFTY2641320700CE,CE,20700,2026-04-13,13852418,65,54111,NIFTY,0.05,
1063,NIFTY2641320700PE,PE,20700,2026-04-13,13856002,65,54125,NIFTY,0.05,
1064,NIFTY2641320650CE,CE,20650,2026-04-13,13829122,65,54020,NIFTY,0.05,
1065,NIFTY2641320650PE,PE,20650,2026-04-13,13829378,65,54021,NIFTY,0.05,
1066,NIFTY2641320600CE,CE,20600,2026-04-13,13825538,65,54006,NIFTY,0.05,
1067,NIFTY2641320600PE,PE,20600,2026-04-13,13828354,65,54017,NIFTY,0.05,
1068,NIFTY2641320550CE,CE,20550,2026-04-13,13825026,65,54004,NIFTY,0.05,
1069,NIFTY2641320550PE,PE,20550,2026-04-13,13825282,65,54005,NIFTY,0.05,
1070,NIFTY2641320500CE,CE,20500,2026-04-13,13823490,65,53998,NIFTY,0.05,
1071,NIFTY2641320500PE,PE,20500,2026-04-13,13823746,65,53999,NIFTY,0.05,
1072,NIFTY2642122500CE,CE,22500,2026-04-21,16216066,65,63344,NIFTY,0.05,
1073,NIFTY2642122500PE,PE,22500,2026-04-21,16216322,65,63345,NIFTY,0.05,
1074,NIFTY2642122550CE,CE,22550,2026-04-21,16216578,65,63346,NIFTY,0.05,
1075,NIFTY2642122550PE,PE,22550,2026-04-21,16218114,65,63352,NIFTY,0.05,
1076,NIFTY2642122450CE,CE,22450,2026-04-21,16215554,65,63342,NIFTY,0.05,
1077,NIFTY2642122450PE,PE,22450,2026-04-21,16215810,65,63343,NIFTY,0.05,
1078,NIFTY2642122600CE,CE,22600,2026-04-21,16218370,65,63353,NIFTY,0.05,
1079,NIFTY2642122600PE,PE,22600,2026-04-21,16218626,65,63354,NIFTY,0.05,
1080,NIFTY2642122400CE,CE,22400,2026-04-21,16214786,65,63339,NIFTY,0.05,
1081,NIFTY2642122400PE,PE,22400,2026-04-21,16215298,65,63341,NIFTY,0.05,
1082,NIFTY2642122650CE,CE,22650,2026-04-21,16218882,65,63355,NIFTY,0.05,
1083,NIFTY2642122650PE,PE,22650,2026-04-21,16219138,65,63356,NIFTY,0.05,
1084,NIFTY2642122350CE,CE,22350,2026-04-21,16214018,65,63336,NIFTY,0.05,
1085,NIFTY2642122350PE,PE,22350,2026-04-21,16214530,65,63338,NIFTY,0.05,
1086,NIFTY2642122700CE,CE,22700,2026-04-21,16219394,65,63357,NIFTY,0.05,
1087,NIFTY2642122700PE,PE,22700,2026-04-21,16220162,65,63360,NIFTY,0.05,
1088,NIFTY2642122300CE,CE,22300,2026-04-21,16213506,65,63334,NIFTY,0.05,
1089,NIFTY2642122300PE,PE,22300,2026-04-21,16213762,65,63335,NIFTY,0.05,
1090,NIFTY2642122750CE,CE,22750,2026-04-21,16220418,65,63361,NIFTY,0.05,
1091,NIFTY2642122750PE,PE,22750,2026-04-21,16220930,65,63363,NIFTY,0.05,
1092,NIFTY2642122250CE,CE,22250,2026-04-21,16212994,65,63332,NIFTY,0.05,
1093,NIFTY2642122250PE,PE,22250,2026-04-21,16213250,65,63333,NIFTY,0.05,
1094,NIFTY2642122800CE,CE,22800,2026-04-21,16221186,65,63364,NIFTY,0.05,
1095,NIFTY2642122800PE,PE,22800,2026-04-21,16221442,65,63365,NIFTY,0.05,
1096,NIFTY2642122200CE,CE,22200,2026-04-21,16212482,65,63330,NIFTY,0.05,
1097,NIFTY2642122200PE,PE,22200,2026-04-21,16212738,65,63331,NIFTY,0.05,
1098,NIFTY2642122850CE,CE,22850,2026-04-21,16221698,65,63366,NIFTY,0.05,
1099,NIFTY2642122850PE,PE,22850,2026-04-21,16222466,65,63369,NIFTY,0.05,
1100,NIFTY2642122150CE,CE,22150,2026-04-21,16211970,65,63328,NIFTY,0.05,
1101,NIFTY2642122150PE,PE,22150,2026-04-21,16212226,65,63329,NIFTY,0.05,
1102,NIFTY2642122900PE,PE,22900,2026-04-21,16223490,65,63373,NIFTY,0.05,
1103,NIFTY2642125550CE,CE,25550,2026-04-21,16259074,65,63512,NIFTY,0.05,
1104,NIFTY2642125550PE,PE,25550,2026-04-21,16259330,65,63513,NIFTY,0.05,
1105,NIFTY2642125500CE,CE,25500,2026-04-21,16257538,65,63506,NIFTY,0.05,
1106,NIFTY2642125500PE,PE,25500,2026-04-21,16258818,65,63511,NIFTY,0.05,
1107,NIFTY2642125450CE,CE,25450,2026-04-21,16257026,65,63504,NIFTY,0.05,
1108,NIFTY2642125450PE,PE,25450,2026-04-21,16257282,65,63505,NIFTY,0.05,
1109,NIFTY2642125400CE,CE,25400,2026-04-21,16255490,65,63498,NIFTY,0.05,
1110,NIFTY2642125400PE,PE,25400,2026-04-21,16256770,65,63503,NIFTY,0.05,
1111,NIFTY2642125350CE,CE,25350,2026-04-21,16254978,65,63496,NIFTY,0.05,
1112,NIFTY2642125350PE,PE,25350,2026-04-21,16255234,65,63497,NIFTY,0.05,
1113,NIFTY2642125300CE,CE,25300,2026-04-21,16254466,65,63494,NIFTY,0.05,
1114,NIFTY2642125300PE,PE,25300,2026-04-21,16254722,65,63495,NIFTY,0.05,
1115,NIFTY2642125250CE,CE,25250,2026-04-21,16253954,65,63492,NIFTY,0.05,
1116,NIFTY2642125250PE,PE,25250,2026-04-21,16254210,65,63493,NIFTY,0.05,
1117,NIFTY2642125200CE,CE,25200,2026-04-21,16253442,65,63490,NIFTY,0.05,
1118,NIFTY2642125200PE,PE,25200,2026-04-21,16253698,65,63491,NIFTY,0.05,
1119,NIFTY2642125150CE,CE,25150,2026-04-21,16252418,65,63486,NIFTY,0.05,
1120,NIFTY2642125150PE,PE,25150,2026-04-21,16253186,65,63489,NIFTY,0.05,
1121,NIFTY2642125100CE,CE,25100,2026-04-21,16251906,65,63484,NIFTY,0.05,
1122,NIFTY2642125100PE,PE,25100,2026-04-21,16252162,65,63485,NIFTY,0.05,
1123,NIFTY2642125050CE,CE,25050,2026-04-21,16251394,65,63482,NIFTY,0.05,
1124,NIFTY2642125050PE,PE,25050,2026-04-21,16251650,65,63483,NIFTY,0.05,
1125,NIFTY2642125000CE,CE,25000,2026-04-21,16250882,65,63480,NIFTY,0.05,
1126,NIFTY2642125000PE,PE,25000,2026-04-21,16251138,65,63481,NIFTY,0.05,
1127,NIFTY2642124950CE,CE,24950,2026-04-21,16250370,65,63478,NIFTY,0.05,
1128,NIFTY2642124950PE,PE,24950,2026-04-21,16250626,65,63479,NIFTY,0.05,
1129,NIFTY2642124900CE,CE,24900,2026-04-21,16249858,65,63476,NIFTY,0.05,
1130,NIFTY2642124900PE,PE,24900,2026-04-21,16250114,65,63477,NIFTY,0.05,
1131,NIFTY2642124850CE,CE,24850,2026-04-21,16249346,65,63474,NIFTY,0.05,
1132,NIFTY2642124850PE,PE,24850,2026-04-21,16249602,65,63475,NIFTY,0.05,
1133,NIFTY2642124800CE,CE,24800,2026-04-21,16248834,65,63472,NIFTY,0.05,
1134,NIFTY2642124800PE,PE,24800,2026-04-21,16249090,65,63473,NIFTY,0.05,
1135,NIFTY2642124750CE,CE,24750,2026-04-21,16248322,65,63470,NIFTY,0.05,
1136,NIFTY2642124750PE,PE,24750,2026-04-21,16248578,65,63471,NIFTY,0.05,
1137,NIFTY2642124700CE,CE,24700,2026-04-21,16247810,65,63468,NIFTY,0.05,
1138,NIFTY2642124700PE,PE,24700,2026-04-21,16248066,65,63469,NIFTY,0.05,
1139,NIFTY2642124650CE,CE,24650,2026-04-21,16247298,65,63466,NIFTY,0.05,
1140,NIFTY2642124650PE,PE,24650,2026-04-21,16247554,65,63467,NIFTY,0.05,
1141,NIFTY2642124600CE,CE,24600,2026-04-21,16246786,65,63464,NIFTY,0.05,
1142,NIFTY2642124600PE,PE,24600,2026-04-21,16247042,65,63465,NIFTY,0.05,
1143,NIFTY2642124550CE,CE,24550,2026-04-21,16245250,65,63458,NIFTY,0.05,
1144,NIFTY2642124550PE,PE,24550,2026-04-21,16246530,65,63463,NIFTY,0.05,
1145,NIFTY2642124500CE,CE,24500,2026-04-21,16242434,65,63447,NIFTY,0.05,
1146,NIFTY2642124500PE,PE,24500,2026-04-21,16244994,65,63457,NIFTY,0.05,
1147,NIFTY2642124450CE,CE,24450,2026-04-21,16241666,65,63444,NIFTY,0.05,
1148,NIFTY2642124450PE,PE,24450,2026-04-21,16241922,65,63445,NIFTY,0.05,
1149,NIFTY2642124400CE,CE,24400,2026-04-21,16239618,65,63436,NIFTY,0.05,
1150,NIFTY2642124400PE,PE,24400,2026-04-21,16239874,65,63437,NIFTY,0.05,
1151,NIFTY2642124350CE,CE,24350,2026-04-21,16239106,65,63434,NIFTY,0.05,
1152,NIFTY2642124350PE,PE,24350,2026-04-21,16239362,65,63435,NIFTY,0.05,
1153,NIFTY2642124300CE,CE,24300,2026-04-21,16238082,65,63430,NIFTY,0.05,
1154,NIFTY2642124300PE,PE,24300,2026-04-21,16238338,65,63431,NIFTY,0.05,
1155,NIFTY2642124250CE,CE,24250,2026-04-21,16237570,65,63428,NIFTY,0.05,
1156,NIFTY2642124250PE,PE,24250,2026-04-21,16237826,65,63429,NIFTY,0.05,
1157,NIFTY2642124200CE,CE,24200,2026-04-21,16237058,65,63426,NIFTY,0.05,
1158,NIFTY2642124200PE,PE,24200,2026-04-21,16237314,65,63427,NIFTY,0.05,
1159,NIFTY2642124150CE,CE,24150,2026-04-21,16236546,65,63424,NIFTY,0.05,
1160,NIFTY2642124150PE,PE,24150,2026-04-21,16236802,65,63425,NIFTY,0.05,
1161,NIFTY2642124100CE,CE,24100,2026-04-21,16236034,65,63422,NIFTY,0.05,
1162,NIFTY2642124100PE,PE,24100,2026-04-21,16236290,65,63423,NIFTY,0.05,
1163,NIFTY2642124050CE,CE,24050,2026-04-21,16235522,65,63420,NIFTY,0.05,
1164,NIFTY2642124050PE,PE,24050,2026-04-21,16235778,65,63421,NIFTY,0.05,
1165,NIFTY2642124000CE,CE,24000,2026-04-21,16234498,65,63416,NIFTY,0.05,
1166,NIFTY2642124000PE,PE,24000,2026-04-21,16234754,65,63417,NIFTY,0.05,
1167,NIFTY2642123950CE,CE,23950,2026-04-21,16233986,65,63414,NIFTY,0.05,
1168,NIFTY2642123950PE,PE,23950,2026-04-21,16234242,65,63415,NIFTY,0.05,
1169,NIFTY2642123900CE,CE,23900,2026-04-21,16233474,65,63412,NIFTY,0.05,
1170,NIFTY2642123900PE,PE,23900,2026-04-21,16233730,65,63413,NIFTY,0.05,
1171,NIFTY2642123850CE,CE,23850,2026-04-21,16232962,65,63410,NIFTY,0.05,
1172,NIFTY2642123850PE,PE,23850,2026-04-21,16233218,65,63411,NIFTY,0.05,
1173,NIFTY2642123800CE,CE,23800,2026-04-21,16232450,65,63408,NIFTY,0.05,
1174,NIFTY2642123800PE,PE,23800,2026-04-21,16232706,65,63409,NIFTY,0.05,
1175,NIFTY2642123750CE,CE,23750,2026-04-21,16231938,65,63406,NIFTY,0.05,
1176,NIFTY2642123750PE,PE,23750,2026-04-21,16232194,65,63407,NIFTY,0.05,
1177,NIFTY2642123700CE,CE,23700,2026-04-21,16231426,65,63404,NIFTY,0.05,
1178,NIFTY2642123700PE,PE,23700,2026-04-21,16231682,65,63405,NIFTY,0.05,
1179,NIFTY2642123650CE,CE,23650,2026-04-21,16230914,65,63402,NIFTY,0.05,
1180,NIFTY2642123650PE,PE,23650,2026-04-21,16231170,65,63403,NIFTY,0.05,
1181,NIFTY2642123600CE,CE,23600,2026-04-21,16230402,65,63400,NIFTY,0.05,
1182,NIFTY2642123600PE,PE,23600,2026-04-21,16230658,65,63401,NIFTY,0.05,
1183,NIFTY2642123550CE,CE,23550,2026-04-21,16229890,65,63398,NIFTY,0.05,
1184,NIFTY2642123550PE,PE,23550,2026-04-21,16230146,65,63399,NIFTY,0.05,
1185,NIFTY2642123500CE,CE,23500,2026-04-21,16229378,65,63396,NIFTY,0.05,
1186,NIFTY2642123500PE,PE,23500,2026-04-21,16229634,65,63397,NIFTY,0.05,
1187,NIFTY2642123450CE,CE,23450,2026-04-21,16228866,65,63394,NIFTY,0.05,
1188,NIFTY2642123450PE,PE,23450,2026-04-21,16229122,65,63395,NIFTY,0.05,
1189,NIFTY2642123400CE,CE,23400,2026-04-21,16228354,65,63392,NIFTY,0.05,
1190,NIFTY2642123400PE,PE,23400,2026-04-21,16228610,65,63393,NIFTY,0.05,
1191,NIFTY2642123350CE,CE,23350,2026-04-21,16227842,65,63390,NIFTY,0.05,
1192,NIFTY2642123350PE,PE,23350,2026-04-21,16228098,65,63391,NIFTY,0.05,
1193,NIFTY2642123300CE,CE,23300,2026-04-21,16227330,65,63388,NIFTY,0.05,
1194,NIFTY2642123300PE,PE,23300,2026-04-21,16227586,65,63389,NIFTY,0.05,
1195,NIFTY2642123250CE,CE,23250,2026-04-21,16226818,65,63386,NIFTY,0.05,
1196,NIFTY2642123250PE,PE,23250,2026-04-21,16227074,65,63387,NIFTY,0.05,
1197,NIFTY2642123200CE,CE,23200,2026-04-21,16226306,65,63384,NIFTY,0.05,
1198,NIFTY2642123200PE,PE,23200,2026-04-21,16226562,65,63385,NIFTY,0.05,
1199,NIFTY2642123150CE,CE,23150,2026-04-21,16225794,65,63382,NIFTY,0.05,
1200,NIFTY2642123150PE,PE,23150,2026-04-21,16226050,65,63383,NIFTY,0.05,
1201,NIFTY2642123100CE,CE,23100,2026-04-21,16225282,65,63380,NIFTY,0.05,
1202,NIFTY2642123100PE,PE,23100,2026-04-21,16225538,65,63381,NIFTY,0.05,
1203,NIFTY2642123050CE,CE,23050,2026-04-21,16224770,65,63378,NIFTY,0.05,
1204,NIFTY2642123050PE,PE,23050,2026-04-21,16225026,65,63379,NIFTY,0.05,
1205,NIFTY2642123000CE,CE,23000,2026-04-21,16224258,65,63376,NIFTY,0.05,
1206,NIFTY2642123000PE,PE,23000,2026-04-21,16224514,65,63377,NIFTY,0.05,
1207,NIFTY2642122950CE,CE,22950,2026-04-21,16223746,65,63374,NIFTY,0.05,
1208,NIFTY2642122950PE,PE,22950,2026-04-21,16224002,65,63375,NIFTY,0.05,
1209,NIFTY2642122900CE,CE,22900,2026-04-21,16222722,65,63370,NIFTY,0.05,
1210,NIFTY2642122100CE,CE,22100,2026-04-21,16210946,65,63324,NIFTY,0.05,
1211,NIFTY2642122100PE,PE,22100,2026-04-21,16211714,65,63327,NIFTY,0.05,
1212,NIFTY2642122050CE,CE,22050,2026-04-21,16210434,65,63322,NIFTY,0.05,
1213,NIFTY2642122050PE,PE,22050,2026-04-21,16210690,65,63323,NIFTY,0.05,
1214,NIFTY2642122000CE,CE,22000,2026-04-21,16209922,65,63320,NIFTY,0.05,
1215,NIFTY2642122000PE,PE,22000,2026-04-21,16210178,65,63321,NIFTY,0.05,
1216,NIFTY2642121950CE,CE,21950,2026-04-21,16209410,65,63318,NIFTY,0.05,
1217,NIFTY2642121950PE,PE,21950,2026-04-21,16209666,65,63319,NIFTY,0.05,
1218,NIFTY2642121900CE,CE,21900,2026-04-21,16208898,65,63316,NIFTY,0.05,
1219,NIFTY2642121900PE,PE,21900,2026-04-21,16209154,65,63317,NIFTY,0.05,
1220,NIFTY2642121850CE,CE,21850,2026-04-21,16207618,65,63311,NIFTY,0.05,
1221,NIFTY2642121850PE,PE,21850,2026-04-21,16208642,65,63315,NIFTY,0.05,
1222,NIFTY2642121800CE,CE,21800,2026-04-21,16207106,65,63309,NIFTY,0.05,
1223,NIFTY2642121800PE,PE,21800,2026-04-21,16207362,65,63310,NIFTY,0.05,
1224,NIFTY2642121750CE,CE,21750,2026-04-21,16206594,65,63307,NIFTY,0.05,
1225,NIFTY2642121750PE,PE,21750,2026-04-21,16206850,65,63308,NIFTY,0.05,
1226,NIFTY2642121700CE,CE,21700,2026-04-21,16205570,65,63303,NIFTY,0.05,
1227,NIFTY2642121700PE,PE,21700,2026-04-21,16206338,65,63306,NIFTY,0.05,
1228,NIFTY2642121650CE,CE,21650,2026-04-21,16204546,65,63299,NIFTY,0.05,
1229,NIFTY2642121650PE,PE,21650,2026-04-21,16205314,65,63302,NIFTY,0.05,
1230,NIFTY2642121600CE,CE,21600,2026-04-21,16203266,65,63294,NIFTY,0.05,
1231,NIFTY2642121600PE,PE,21600,2026-04-21,16204290,65,63298,NIFTY,0.05,
1232,NIFTY2642121550CE,CE,21550,2026-04-21,16202754,65,63292,NIFTY,0.05,
1233,NIFTY2642121550PE,PE,21550,2026-04-21,16203010,65,63293,NIFTY,0.05,
1234,NIFTY2642121500CE,CE,21500,2026-04-21,16201730,65,63288,NIFTY,0.05,
1235,NIFTY2642121500PE,PE,21500,2026-04-21,16201986,65,63289,NIFTY,0.05,
1236,NIFTY2642121450CE,CE,21450,2026-04-21,16200706,65,63284,NIFTY,0.05,
1237,NIFTY2642121450PE,PE,21450,2026-04-21,16200962,65,63285,NIFTY,0.05,
1238,NIFTY2642121400CE,CE,21400,2026-04-21,16199682,65,63280,NIFTY,0.05,
1239,NIFTY2642121400PE,PE,21400,2026-04-21,16199938,65,63281,NIFTY,0.05,
1240,NIFTY2642121350CE,CE,21350,2026-04-21,16198914,65,63277,NIFTY,0.05,
1241,NIFTY2642121350PE,PE,21350,2026-04-21,16199170,65,63278,NIFTY,0.05,
1242,NIFTY2642121300CE,CE,21300,2026-04-21,16198402,65,63275,NIFTY,0.05,
1243,NIFTY2642121300PE,PE,21300,2026-04-21,16198658,65,63276,NIFTY,0.05,
1244,NIFTY2642121250CE,CE,21250,2026-04-21,16196866,65,63269,NIFTY,0.05,
1245,NIFTY2642121250PE,PE,21250,2026-04-21,16197634,65,63272,NIFTY,0.05,
1246,NIFTY2642121200CE,CE,21200,2026-04-21,16193538,65,63256,NIFTY,0.05,
1247,NIFTY2642121200PE,PE,21200,2026-04-21,16193794,65,63257,NIFTY,0.05,
1248,NIFTY2642121150CE,CE,21150,2026-04-21,16193026,65,63254,NIFTY,0.05,
1249,NIFTY2642121150PE,PE,21150,2026-04-21,16193282,65,63255,NIFTY,0.05,
1250,NIFTY2642121100CE,CE,21100,2026-04-21,16179458,65,63201,NIFTY,0.05,
1251,NIFTY2642121100PE,PE,21100,2026-04-21,16179714,65,63202,NIFTY,0.05,
1252,NIFTY2642121050CE,CE,21050,2026-04-21,16177922,65,63195,NIFTY,0.05,
1253,NIFTY2642121050PE,PE,21050,2026-04-21,16178178,65,63196,NIFTY,0.05,
1254,NIFTY2642121000CE,CE,21000,2026-04-21,16176130,65,63188,NIFTY,0.05,
1255,NIFTY2642121000PE,PE,21000,2026-04-21,16176386,65,63189,NIFTY,0.05,
1256,NIFTY2642120950CE,CE,20950,2026-04-21,16174594,65,63182,NIFTY,0.05,
1257,NIFTY2642120950PE,PE,20950,2026-04-21,16175874,65,63187,NIFTY,0.05,
1258,NIFTY2642120900CE,CE,20900,2026-04-21,16174082,65,63180,NIFTY,0.05,
1259,NIFTY2642120900PE,PE,20900,2026-04-21,16174338,65,63181,NIFTY,0.05,
1260,NIFTY2642120850CE,CE,20850,2026-04-21,16172034,65,63172,NIFTY,0.05,
1261,NIFTY2642120850PE,PE,20850,2026-04-21,16173826,65,63179,NIFTY,0.05,
1262,NIFTY2642120800CE,CE,20800,2026-04-21,16171266,65,63169,NIFTY,0.05,
1263,NIFTY2642120800PE,PE,20800,2026-04-21,16171522,65,63170,NIFTY,0.05,
1264,NIFTY2642120750CE,CE,20750,2026-04-21,16170754,65,63167,NIFTY,0.05,
1265,NIFTY2642120750PE,PE,20750,2026-04-21,16171010,65,63168,NIFTY,0.05,
1266,NIFTY2642120700CE,CE,20700,2026-04-21,16170242,65,63165,NIFTY,0.05,
1267,NIFTY2642120700PE,PE,20700,2026-04-21,16170498,65,63166,NIFTY,0.05,
1268,NIFTY2642120650CE,CE,20650,2026-04-21,16169730,65,63163,NIFTY,0.05,
1269,NIFTY2642120650PE,PE,20650,2026-04-21,16169986,65,63164,NIFTY,0.05,
1270,NIFTY2642120600CE,CE,20600,2026-04-21,16169218,65,63161,NIFTY,0.05,
1271,NIFTY2642120600PE,PE,20600,2026-04-21,16169474,65,63162,NIFTY,0.05,
1272,NIFTY2642120550CE,CE,20550,2026-04-21,16167170,65,63153,NIFTY,0.05,
1273,NIFTY2642120550PE,PE,20550,2026-04-21,16168962,65,63160,NIFTY,0.05,
1274,NIFTY2642120500CE,CE,20500,2026-04-21,16166658,65,63151,NIFTY,0.05,
1275,NIFTY2642120500PE,PE,20500,2026-04-21,16166914,65,63152,NIFTY,0.05,
1276,NIFTY26APR22500CE,CE,22500,2026-04-28,18448642,65,72065,NIFTY,0.05,
1277,NIFTY26APR22500PE,PE,22500,2026-04-28,18448898,65,72066,NIFTY,0.05,
1278,NIFTY26APR22550CE,CE,22550,2026-04-28,18472450,65,72158,NIFTY,0.05,
1279,NIFTY26APR22550PE,PE,22550,2026-04-28,18472706,65,72159,NIFTY,0.05,
1280,NIFTY26APR22450CE,CE,22450,2026-04-28,18423554,65,71967,NIFTY,0.05,
1281,NIFTY26APR22450PE,PE,22450,2026-04-28,18423810,65,71968,NIFTY,0.05,
1282,NIFTY26APR22600CE,CE,22600,2026-04-28,18472962,65,72160,NIFTY,0.05,
1283,NIFTY26APR22600PE,PE,22600,2026-04-28,18473218,65,72161,NIFTY,0.05,
1284,NIFTY26APR22400CE,CE,22400,2026-04-28,18423042,65,71965,NIFTY,0.05,
1285,NIFTY26APR22400PE,PE,22400,2026-04-28,18423298,65,71966,NIFTY,0.05,
1286,NIFTY26APR22650CE,CE,22650,2026-04-28,18473474,65,72162,NIFTY,0.05,
1287,NIFTY26APR22650PE,PE,22650,2026-04-28,18473986,65,72164,NIFTY,0.05,
1288,NIFTY26APR22350CE,CE,22350,2026-04-28,18422530,65,71963,NIFTY,0.05,
1289,NIFTY26APR22350PE,PE,22350,2026-04-28,18422786,65,71964,NIFTY,0.05,
1290,NIFTY26APR22700CE,CE,22700,2026-04-28,18481922,65,72195,NIFTY,0.05,
1291,NIFTY26APR22700PE,PE,22700,2026-04-28,18482178,65,72196,NIFTY,0.05,
1292,NIFTY26APR22300CE,CE,22300,2026-04-28,18422018,65,71961,NIFTY,0.05,
1293,NIFTY26APR22300PE,PE,22300,2026-04-28,18422274,65,71962,NIFTY,0.05,
1294,NIFTY26APR22750CE,CE,22750,2026-04-28,18482434,65,72197,NIFTY,0.05,
1295,NIFTY26APR22750PE,PE,22750,2026-04-28,18482690,65,72198,NIFTY,0.05,
1296,NIFTY26APR22250CE,CE,22250,2026-04-28,18421506,65,71959,NIFTY,0.05,
1297,NIFTY26APR22250PE,PE,22250,2026-04-28,18421762,65,71960,NIFTY,0.05,
1298,NIFTY26APR22800CE,CE,22800,2026-04-28,18482946,65,72199,NIFTY,0.05,
1299,NIFTY26APR22800PE,PE,22800,2026-04-28,18483202,65,72200,NIFTY,0.05,
1300,NIFTY26APR22200CE,CE,22200,2026-04-28,18420994,65,71957,NIFTY,0.05,
1301,NIFTY26APR22200PE,PE,22200,2026-04-28,18421250,65,71958,NIFTY,0.05,
1302,NIFTY26APR22850CE,CE,22850,2026-04-28,18483458,65,72201,NIFTY,0.05,
1303,NIFTY26APR22850PE,PE,22850,2026-04-28,18483714,65,72202,NIFTY,0.05,
1304,NIFTY26APR22150CE,CE,22150,2026-04-28,18420482,65,71955,NIFTY,0.05,
1305,NIFTY26APR22150PE,PE,22150,2026-04-28,18420738,65,71956,NIFTY,0.05,
1306,NIFTY26APR22900PE,PE,22900,2026-04-28,18484226,65,72204,NIFTY,0.05,
1307,NIFTY26APR27700CE,CE,27700,2026-04-28,18629378,65,72771,NIFTY,0.05,
1308,NIFTY26APR27700PE,PE,27700,2026-04-28,18629634,65,72772,NIFTY,0.05,
1309,NIFTY26APR27650CE,CE,27650,2026-04-28,18627586,65,72764,NIFTY,0.05,
1310,NIFTY26APR27650PE,PE,27650,2026-04-28,18629122,65,72770,NIFTY,0.05,
1311,NIFTY26APR27600CE,CE,27600,2026-04-28,18627074,65,72762,NIFTY,0.05,
1312,NIFTY26APR27600PE,PE,27600,2026-04-28,18627330,65,72763,NIFTY,0.05,
1313,NIFTY26APR27550CE,CE,27550,2026-04-28,18626562,65,72760,NIFTY,0.05,
1314,NIFTY26APR27550PE,PE,27550,2026-04-28,18626818,65,72761,NIFTY,0.05,
1315,NIFTY26APR27500CE,CE,27500,2026-04-28,18625538,65,72756,NIFTY,0.05,
1316,NIFTY26APR27500PE,PE,27500,2026-04-28,18626306,65,72759,NIFTY,0.05,
1317,NIFTY26APR27450CE,CE,27450,2026-04-28,18625026,65,72754,NIFTY,0.05,
1318,NIFTY26APR27450PE,PE,27450,2026-04-28,18625282,65,72755,NIFTY,0.05,
1319,NIFTY26APR27400CE,CE,27400,2026-04-28,18624002,65,72750,NIFTY,0.05,
1320,NIFTY26APR27400PE,PE,27400,2026-04-28,18624258,65,72751,NIFTY,0.05,
1321,NIFTY26APR27350CE,CE,27350,2026-04-28,18623234,65,72747,NIFTY,0.05,
1322,NIFTY26APR27350PE,PE,27350,2026-04-28,18623490,65,72748,NIFTY,0.05,
1323,NIFTY26APR27300CE,CE,27300,2026-04-28,18622722,65,72745,NIFTY,0.05,
1324,NIFTY26APR27300PE,PE,27300,2026-04-28,18622978,65,72746,NIFTY,0.05,
1325,NIFTY26APR27250CE,CE,27250,2026-04-28,18622210,65,72743,NIFTY,0.05,
1326,NIFTY26APR27250PE,PE,27250,2026-04-28,18622466,65,72744,NIFTY,0.05,
1327,NIFTY26APR27200CE,CE,27200,2026-04-28,18621698,65,72741,NIFTY,0.05,
1328,NIFTY26APR27200PE,PE,27200,2026-04-28,18621954,65,72742,NIFTY,0.05,
1329,NIFTY26APR27150CE,CE,27150,2026-04-28,18619650,65,72733,NIFTY,0.05,
1330,NIFTY26APR27150PE,PE,27150,2026-04-28,18619906,65,72734,NIFTY,0.05,
1331,NIFTY26APR27100CE,CE,27100,2026-04-28,18618626,65,72729,NIFTY,0.05,
1332,NIFTY26APR27100PE,PE,27100,2026-04-28,18618882,65,72730,NIFTY,0.05,
1333,NIFTY26APR27050CE,CE,27050,2026-04-28,18618114,65,72727,NIFTY,0.05,
1334,NIFTY26APR27050PE,PE,27050,2026-04-28,18618370,65,72728,NIFTY,0.05,
1335,NIFTY26APR27000CE,CE,27000,2026-04-28,18617602,65,72725,NIFTY,0.05,
1336,NIFTY26APR27000PE,PE,27000,2026-04-28,18617858,65,72726,NIFTY,0.05,
1337,NIFTY26APR26950CE,CE,26950,2026-04-28,18617090,65,72723,NIFTY,0.05,
1338,NIFTY26APR26950PE,PE,26950,2026-04-28,18617346,65,72724,NIFTY,0.05,
1339,NIFTY26APR26900CE,CE,26900,2026-04-28,18616578,65,72721,NIFTY,0.05,
1340,NIFTY26APR26900PE,PE,26900,2026-04-28,18616834,65,72722,NIFTY,0.05,
1341,NIFTY26APR26850CE,CE,26850,2026-04-28,18616066,65,72719,NIFTY,0.05,
1342,NIFTY26APR26850PE,PE,26850,2026-04-28,18616322,65,72720,NIFTY,0.05,
1343,NIFTY26APR26800CE,CE,26800,2026-04-28,18614530,65,72713,NIFTY,0.05,
1344,NIFTY26APR26800PE,PE,26800,2026-04-28,18615810,65,72718,NIFTY,0.05,
1345,NIFTY26APR26750CE,CE,26750,2026-04-28,18603266,65,72669,NIFTY,0.05,
1346,NIFTY26APR26750PE,PE,26750,2026-04-28,18603522,65,72670,NIFTY,0.05,
1347,NIFTY26APR26700CE,CE,26700,2026-04-28,18602754,65,72667,NIFTY,0.05,
1348,NIFTY26APR26700PE,PE,26700,2026-04-28,18603010,65,72668,NIFTY,0.05,
1349,NIFTY26APR26650CE,CE,26650,2026-04-28,18602242,65,72665,NIFTY,0.05,
1350,NIFTY26APR26650PE,PE,26650,2026-04-28,18602498,65,72666,NIFTY,0.05,
1351,NIFTY26APR26600CE,CE,26600,2026-04-28,18601730,65,72663,NIFTY,0.05,
1352,NIFTY26APR26600PE,PE,26600,2026-04-28,18601986,65,72664,NIFTY,0.05,
1353,NIFTY26APR26550CE,CE,26550,2026-04-28,18559234,65,72497,NIFTY,0.05,
1354,NIFTY26APR26550PE,PE,26550,2026-04-28,18560514,65,72502,NIFTY,0.05,
1355,NIFTY26APR26500CE,CE,26500,2026-04-28,18558722,65,72495,NIFTY,0.05,
1356,NIFTY26APR26500PE,PE,26500,2026-04-28,18558978,65,72496,NIFTY,0.05,
1357,NIFTY26APR26450CE,CE,26450,2026-04-28,18558210,65,72493,NIFTY,0.05,
1358,NIFTY26APR26450PE,PE,26450,2026-04-28,18558466,65,72494,NIFTY,0.05,
1359,NIFTY26APR26400CE,CE,26400,2026-04-28,18557698,65,72491,NIFTY,0.05,
1360,NIFTY26APR26400PE,PE,26400,2026-04-28,18557954,65,72492,NIFTY,0.05,
1361,NIFTY26APR26350CE,CE,26350,2026-04-28,18557186,65,72489,NIFTY,0.05,
1362,NIFTY26APR26350PE,PE,26350,2026-04-28,18557442,65,72490,NIFTY,0.05,
1363,NIFTY26APR26300CE,CE,26300,2026-04-28,18556674,65,72487,NIFTY,0.05,
1364,NIFTY26APR26300PE,PE,26300,2026-04-28,18556930,65,72488,NIFTY,0.05,
1365,NIFTY26APR26250CE,CE,26250,2026-04-28,18556162,65,72485,NIFTY,0.05,
1366,NIFTY26APR26250PE,PE,26250,2026-04-28,18556418,65,72486,NIFTY,0.05,
1367,NIFTY26APR26200CE,CE,26200,2026-04-28,18555650,65,72483,NIFTY,0.05,
1368,NIFTY26APR26200PE,PE,26200,2026-04-28,18555906,65,72484,NIFTY,0.05,
1369,NIFTY26APR26150CE,CE,26150,2026-04-28,18551554,65,72467,NIFTY,0.05,
1370,NIFTY26APR26150PE,PE,26150,2026-04-28,18555394,65,72482,NIFTY,0.05,
1371,NIFTY26APR26100CE,CE,26100,2026-04-28,18549506,65,72459,NIFTY,0.05,
1372,NIFTY26APR26100PE,PE,26100,2026-04-28,18551298,65,72466,NIFTY,0.05,
1373,NIFTY26APR26050CE,CE,26050,2026-04-28,18548994,65,72457,NIFTY,0.05,
1374,NIFTY26APR26050PE,PE,26050,2026-04-28,18549250,65,72458,NIFTY,0.05,
1375,NIFTY26APR26000CE,CE,26000,2026-04-28,18544898,65,72441,NIFTY,0.05,
1376,NIFTY26APR26000PE,PE,26000,2026-04-28,18548738,65,72456,NIFTY,0.05,
1377,NIFTY26APR25950CE,CE,25950,2026-04-28,18544386,65,72439,NIFTY,0.05,
1378,NIFTY26APR25950PE,PE,25950,2026-04-28,18544642,65,72440,NIFTY,0.05,
1379,NIFTY26APR25900CE,CE,25900,2026-04-28,18543874,65,72437,NIFTY,0.05,
1380,NIFTY26APR25900PE,PE,25900,2026-04-28,18544130,65,72438,NIFTY,0.05,
1381,NIFTY26APR25850CE,CE,25850,2026-04-28,18543106,65,72434,NIFTY,0.05,
1382,NIFTY26APR25850PE,PE,25850,2026-04-28,18543362,65,72435,NIFTY,0.05,
1383,NIFTY26APR25800CE,CE,25800,2026-04-28,18542338,65,72431,NIFTY,0.05,
1384,NIFTY26APR25800PE,PE,25800,2026-04-28,18542594,65,72432,NIFTY,0.05,
1385,NIFTY26APR25750CE,CE,25750,2026-04-28,18541826,65,72429,NIFTY,0.05,
1386,NIFTY26APR25750PE,PE,25750,2026-04-28,18542082,65,72430,NIFTY,0.05,
1387,NIFTY26APR25700CE,CE,25700,2026-04-28,18541314,65,72427,NIFTY,0.05,
1388,NIFTY26APR25700PE,PE,25700,2026-04-28,18541570,65,72428,NIFTY,0.05,
1389,NIFTY26APR25650CE,CE,25650,2026-04-28,18540546,65,72424,NIFTY,0.05,
1390,NIFTY26APR25650PE,PE,25650,2026-04-28,18540802,65,72425,NIFTY,0.05,
1391,NIFTY26APR25600CE,CE,25600,2026-04-28,18540034,65,72422,NIFTY,0.05,
1392,NIFTY26APR25600PE,PE,25600,2026-04-28,18540290,65,72423,NIFTY,0.05,
1393,NIFTY26APR25550CE,CE,25550,2026-04-28,18539266,65,72419,NIFTY,0.05,
1394,NIFTY26APR25550PE,PE,25550,2026-04-28,18539522,65,72420,NIFTY,0.05,
1395,NIFTY26APR25500CE,CE,25500,2026-04-28,18533122,65,72395,NIFTY,0.05,
1396,NIFTY26APR25500PE,PE,25500,2026-04-28,18536450,65,72408,NIFTY,0.05,
1397,NIFTY26APR25450CE,CE,25450,2026-04-28,18530562,65,72385,NIFTY,0.05,
1398,NIFTY26APR25450PE,PE,25450,2026-04-28,18532866,65,72394,NIFTY,0.05,
1399,NIFTY26APR25400CE,CE,25400,2026-04-28,18530050,65,72383,NIFTY,0.05,
1400,NIFTY26APR25400PE,PE,25400,2026-04-28,18530306,65,72384,NIFTY,0.05,
1401,NIFTY26APR25350CE,CE,25350,2026-04-28,18526466,65,72369,NIFTY,0.05,
1402,NIFTY26APR25350PE,PE,25350,2026-04-28,18526722,65,72370,NIFTY,0.05,
1403,NIFTY26APR25300CE,CE,25300,2026-04-28,18525954,65,72367,NIFTY,0.05,
1404,NIFTY26APR25300PE,PE,25300,2026-04-28,18526210,65,72368,NIFTY,0.05,
1405,NIFTY26APR25250CE,CE,25250,2026-04-28,18525442,65,72365,NIFTY,0.05,
1406,NIFTY26APR25250PE,PE,25250,2026-04-28,18525698,65,72366,NIFTY,0.05,
1407,NIFTY26APR25200CE,CE,25200,2026-04-28,18524418,65,72361,NIFTY,0.05,
1408,NIFTY26APR25200PE,PE,25200,2026-04-28,18524674,65,72362,NIFTY,0.05,
1409,NIFTY26APR25150CE,CE,25150,2026-04-28,18523394,65,72357,NIFTY,0.05,
1410,NIFTY26APR25150PE,PE,25150,2026-04-28,18523906,65,72359,NIFTY,0.05,
1411,NIFTY26APR25100CE,CE,25100,2026-04-28,18522626,65,72354,NIFTY,0.05,
1412,NIFTY26APR25100PE,PE,25100,2026-04-28,18522882,65,72355,NIFTY,0.05,
1413,NIFTY26APR25050CE,CE,25050,2026-04-28,18521602,65,72350,NIFTY,0.05,
1414,NIFTY26APR25050PE,PE,25050,2026-04-28,18522370,65,72353,NIFTY,0.05,
1415,NIFTY26APR25000CE,CE,25000,2026-04-28,18521090,65,72348,NIFTY,0.05,
1416,NIFTY26APR25000PE,PE,25000,2026-04-28,18521346,65,72349,NIFTY,0.05,
1417,NIFTY26APR24950CE,CE,24950,2026-04-28,18520578,65,72346,NIFTY,0.05,
1418,NIFTY26APR24950PE,PE,24950,2026-04-28,18520834,65,72347,NIFTY,0.05,
1419,NIFTY26APR24900CE,CE,24900,2026-04-28,18519554,65,72342,NIFTY,0.05,
1420,NIFTY26APR24900PE,PE,24900,2026-04-28,18519810,65,72343,NIFTY,0.05,
1421,NIFTY26APR24850CE,CE,24850,2026-04-28,18518786,65,72339,NIFTY,0.05,
1422,NIFTY26APR24850PE,PE,24850,2026-04-28,18519298,65,72341,NIFTY,0.05,
1423,NIFTY26APR24800CE,CE,24800,2026-04-28,18518274,65,72337,NIFTY,0.05,
1424,NIFTY26APR24800PE,PE,24800,2026-04-28,18518530,65,72338,NIFTY,0.05,
1425,NIFTY26APR24750CE,CE,24750,2026-04-28,18517762,65,72335,NIFTY,0.05,
1426,NIFTY26APR24750PE,PE,24750,2026-04-28,18518018,65,72336,NIFTY,0.05,
1427,NIFTY26APR24700CE,CE,24700,2026-04-28,18517250,65,72333,NIFTY,0.05,
1428,NIFTY26APR24700PE,PE,24700,2026-04-28,18517506,65,72334,NIFTY,0.05,
1429,NIFTY26APR24650CE,CE,24650,2026-04-28,18516738,65,72331,NIFTY,0.05,
1430,NIFTY26APR24650PE,PE,24650,2026-04-28,18516994,65,72332,NIFTY,0.05,
1431,NIFTY26APR24600CE,CE,24600,2026-04-28,18516226,65,72329,NIFTY,0.05,
1432,NIFTY26APR24600PE,PE,24600,2026-04-28,18516482,65,72330,NIFTY,0.05,
1433,NIFTY26APR24550CE,CE,24550,2026-04-28,18515714,65,72327,NIFTY,0.05,
1434,NIFTY26APR24550PE,PE,24550,2026-04-28,18515970,65,72328,NIFTY,0.05,
1435,NIFTY26APR24500CE,CE,24500,2026-04-28,18515202,65,72325,NIFTY,0.05,
1436,NIFTY26APR24500PE,PE,24500,2026-04-28,18515458,65,72326,NIFTY,0.05,
1437,NIFTY26APR24450CE,CE,24450,2026-04-28,18514690,65,72323,NIFTY,0.05,
1438,NIFTY26APR24450PE,PE,24450,2026-04-28,18514946,65,72324,NIFTY,0.05,
1439,NIFTY26APR24400CE,CE,24400,2026-04-28,18513154,65,72317,NIFTY,0.05,
1440,NIFTY26APR24400PE,PE,24400,2026-04-28,18514434,65,72322,NIFTY,0.05,
1441,NIFTY26APR24350CE,CE,24350,2026-04-28,18511874,65,72312,NIFTY,0.05,
1442,NIFTY26APR24350PE,PE,24350,2026-04-28,18512898,65,72316,NIFTY,0.05,
1443,NIFTY26APR24300CE,CE,24300,2026-04-28,18503426,65,72279,NIFTY,0.05,
1444,NIFTY26APR24300PE,PE,24300,2026-04-28,18511618,65,72311,NIFTY,0.05,
1445,NIFTY26APR24250CE,CE,24250,2026-04-28,18502914,65,72277,NIFTY,0.05,
1446,NIFTY26APR24250PE,PE,24250,2026-04-28,18503170,65,72278,NIFTY,0.05,
1447,NIFTY26APR24200CE,CE,24200,2026-04-28,18501378,65,72271,NIFTY,0.05,
1448,NIFTY26APR24200PE,PE,24200,2026-04-28,18501634,65,72272,NIFTY,0.05,
1449,NIFTY26APR24150CE,CE,24150,2026-04-28,18500866,65,72269,NIFTY,0.05,
1450,NIFTY26APR24150PE,PE,24150,2026-04-28,18501122,65,72270,NIFTY,0.05,
1451,NIFTY26APR24100CE,CE,24100,2026-04-28,18500354,65,72267,NIFTY,0.05,
1452,NIFTY26APR24100PE,PE,24100,2026-04-28,18500610,65,72268,NIFTY,0.05,
1453,NIFTY26APR24050CE,CE,24050,2026-04-28,18499842,65,72265,NIFTY,0.05,
1454,NIFTY26APR24050PE,PE,24050,2026-04-28,18500098,65,72266,NIFTY,0.05,
1455,NIFTY26APR24000CE,CE,24000,2026-04-28,18499330,65,72263,NIFTY,0.05,
1456,NIFTY26APR24000PE,PE,24000,2026-04-28,18499586,65,72264,NIFTY,0.05,
1457,NIFTY26APR23950CE,CE,23950,2026-04-28,18498818,65,72261,NIFTY,0.05,
1458,NIFTY26APR23950PE,PE,23950,2026-04-28,18499074,65,72262,NIFTY,0.05,
1459,NIFTY26APR23900CE,CE,23900,2026-04-28,18498306,65,72259,NIFTY,0.05,
1460,NIFTY26APR23900PE,PE,23900,2026-04-28,18498562,65,72260,NIFTY,0.05,
1461,NIFTY26APR23850CE,CE,23850,2026-04-28,18497794,65,72257,NIFTY,0.05,
1462,NIFTY26APR23850PE,PE,23850,2026-04-28,18498050,65,72258,NIFTY,0.05,
1463,NIFTY26APR23800CE,CE,23800,2026-04-28,18497282,65,72255,NIFTY,0.05,
1464,NIFTY26APR23800PE,PE,23800,2026-04-28,18497538,65,72256,NIFTY,0.05,
1465,NIFTY26APR23750CE,CE,23750,2026-04-28,18496770,65,72253,NIFTY,0.05,
1466,NIFTY26APR23750PE,PE,23750,2026-04-28,18497026,65,72254,NIFTY,0.05,
1467,NIFTY26APR23700CE,CE,23700,2026-04-28,18496258,65,72251,NIFTY,0.05,
1468,NIFTY26APR23700PE,PE,23700,2026-04-28,18496514,65,72252,NIFTY,0.05,
1469,NIFTY26APR23650CE,CE,23650,2026-04-28,18495746,65,72249,NIFTY,0.05,
1470,NIFTY26APR23650PE,PE,23650,2026-04-28,18496002,65,72250,NIFTY,0.05,
1471,NIFTY26APR23600CE,CE,23600,2026-04-28,18494978,65,72246,NIFTY,0.05,
1472,NIFTY26APR23600PE,PE,23600,2026-04-28,18495490,65,72248,NIFTY,0.05,
1473,NIFTY26APR23550CE,CE,23550,2026-04-28,18494466,65,72244,NIFTY,0.05,
1474,NIFTY26APR23550PE,PE,23550,2026-04-28,18494722,65,72245,NIFTY,0.05,
1475,NIFTY26APR23500CE,CE,23500,2026-04-28,18490370,65,72228,NIFTY,0.05,
1476,NIFTY26APR23500PE,PE,23500,2026-04-28,18490626,65,72229,NIFTY,0.05,
1477,NIFTY26APR23450CE,CE,23450,2026-04-28,18489858,65,72226,NIFTY,0.05,
1478,NIFTY26APR23450PE,PE,23450,2026-04-28,18490114,65,72227,NIFTY,0.05,
1479,NIFTY26APR23400CE,CE,23400,2026-04-28,18489346,65,72224,NIFTY,0.05,
1480,NIFTY26APR23400PE,PE,23400,2026-04-28,18489602,65,72225,NIFTY,0.05,
1481,NIFTY26APR23350CE,CE,23350,2026-04-28,18488834,65,72222,NIFTY,0.05,
1482,NIFTY26APR23350PE,PE,23350,2026-04-28,18489090,65,72223,NIFTY,0.05,
1483,NIFTY26APR23300CE,CE,23300,2026-04-28,18488322,65,72220,NIFTY,0.05,
1484,NIFTY26APR23300PE,PE,23300,2026-04-28,18488578,65,72221,NIFTY,0.05,
1485,NIFTY26APR23250CE,CE,23250,2026-04-28,18487810,65,72218,NIFTY,0.05,
1486,NIFTY26APR23250PE,PE,23250,2026-04-28,18488066,65,72219,NIFTY,0.05,
1487,NIFTY26APR23200CE,CE,23200,2026-04-28,18487298,65,72216,NIFTY,0.05,
1488,NIFTY26APR23200PE,PE,23200,2026-04-28,18487554,65,72217,NIFTY,0.05,
1489,NIFTY26APR23150CE,CE,23150,2026-04-28,18486786,65,72214,NIFTY,0.05,
1490,NIFTY26APR23150PE,PE,23150,2026-04-28,18487042,65,72215,NIFTY,0.05,
1491,NIFTY26APR23100CE,CE,23100,2026-04-28,18486274,65,72212,NIFTY,0.05,
1492,NIFTY26APR23100PE,PE,23100,2026-04-28,18486530,65,72213,NIFTY,0.05,
1493,NIFTY26APR23050CE,CE,23050,2026-04-28,18485762,65,72210,NIFTY,0.05,
1494,NIFTY26APR23050PE,PE,23050,2026-04-28,18486018,65,72211,NIFTY,0.05,
1495,NIFTY26APR23000CE,CE,23000,2026-04-28,18484994,65,72207,NIFTY,0.05,
1496,NIFTY26APR23000PE,PE,23000,2026-04-28,18485250,65,72208,NIFTY,0.05,
1497,NIFTY26APR22950CE,CE,22950,2026-04-28,18484482,65,72205,NIFTY,0.05,
1498,NIFTY26APR22950PE,PE,22950,2026-04-28,18484738,65,72206,NIFTY,0.05,
1499,NIFTY26APR22900CE,CE,22900,2026-04-28,18483970,65,72203,NIFTY,0.05,
1500,NIFTY26APR22100CE,CE,22100,2026-04-28,18419970,65,71953,NIFTY,0.05,
1501,NIFTY26APR22100PE,PE,22100,2026-04-28,18420226,65,71954,NIFTY,0.05,
1502,NIFTY26APR22050CE,CE,22050,2026-04-28,18419458,65,71951,NIFTY,0.05,
1503,NIFTY26APR22050PE,PE,22050,2026-04-28,18419714,65,71952,NIFTY,0.05,
1504,NIFTY26APR22000CE,CE,22000,2026-04-28,18418946,65,71949,NIFTY,0.05,
1505,NIFTY26APR22000PE,PE,22000,2026-04-28,18419202,65,71950,NIFTY,0.05,
1506,NIFTY26APR21950CE,CE,21950,2026-04-28,18418434,65,71947,NIFTY,0.05,
1507,NIFTY26APR21950PE,PE,21950,2026-04-28,18418690,65,71948,NIFTY,0.05,
1508,NIFTY26APR21900CE,CE,21900,2026-04-28,18417922,65,71945,NIFTY,0.05,
1509,NIFTY26APR21900PE,PE,21900,2026-04-28,18418178,65,71946,NIFTY,0.05,
1510,NIFTY26APR21850CE,CE,21850,2026-04-28,18417410,65,71943,NIFTY,0.05,
1511,NIFTY26APR21850PE,PE,21850,2026-04-28,18417666,65,71944,NIFTY,0.05,
1512,NIFTY26APR21800CE,CE,21800,2026-04-28,18416386,65,71939,NIFTY,0.05,
1513,NIFTY26APR21800PE,PE,21800,2026-04-28,18416642,65,71940,NIFTY,0.05,
1514,NIFTY26APR21750CE,CE,21750,2026-04-28,18415874,65,71937,NIFTY,0.05,
1515,NIFTY26APR21750PE,PE,21750,2026-04-28,18416130,65,71938,NIFTY,0.05,
1516,NIFTY26APR21700CE,CE,21700,2026-04-28,18415362,65,71935,NIFTY,0.05,
1517,NIFTY26APR21700PE,PE,21700,2026-04-28,18415618,65,71936,NIFTY,0.05,
1518,NIFTY26APR21650CE,CE,21650,2026-04-28,18414850,65,71933,NIFTY,0.05,
1519,NIFTY26APR21650PE,PE,21650,2026-04-28,18415106,65,71934,NIFTY,0.05,
1520,NIFTY26APR21600CE,CE,21600,2026-04-28,18414338,65,71931,NIFTY,0.05,
1521,NIFTY26APR21600PE,PE,21600,2026-04-28,18414594,65,71932,NIFTY,0.05,
1522,NIFTY26APR21550CE,CE,21550,2026-04-28,18413826,65,71929,NIFTY,0.05,
1523,NIFTY26APR21550PE,PE,21550,2026-04-28,18414082,65,71930,NIFTY,0.05,
1524,NIFTY26APR21500CE,CE,21500,2026-04-28,18413314,65,71927,NIFTY,0.05,
1525,NIFTY26APR21500PE,PE,21500,2026-04-28,18413570,65,71928,NIFTY,0.05,
1526,NIFTY26APR21450CE,CE,21450,2026-04-28,18412802,65,71925,NIFTY,0.05,
1527,NIFTY26APR21450PE,PE,21450,2026-04-28,18413058,65,71926,NIFTY,0.05,
1528,NIFTY26APR21400CE,CE,21400,2026-04-28,18412290,65,71923,NIFTY,0.05,
1529,NIFTY26APR21400PE,PE,21400,2026-04-28,18412546,65,71924,NIFTY,0.05,
1530,NIFTY26APR21350CE,CE,21350,2026-04-28,18411778,65,71921,NIFTY,0.05,
1531,NIFTY26APR21350PE,PE,21350,2026-04-28,18412034,65,71922,NIFTY,0.05,
1532,NIFTY26APR21300CE,CE,21300,2026-04-28,18410242,65,71915,NIFTY,0.05,
1533,NIFTY26APR21300PE,PE,21300,2026-04-28,18410498,65,71916,NIFTY,0.05,
1534,NIFTY26APR21250CE,CE,21250,2026-04-28,18409730,65,71913,NIFTY,0.05,
1535,NIFTY26APR21250PE,PE,21250,2026-04-28,18409986,65,71914,NIFTY,0.05,
1536,NIFTY26APR21200CE,CE,21200,2026-04-28,18404610,65,71893,NIFTY,0.05,
1537,NIFTY26APR21200PE,PE,21200,2026-04-28,18404866,65,71894,NIFTY,0.05,
1538,NIFTY26APR21150CE,CE,21150,2026-04-28,18400002,65,71875,NIFTY,0.05,
1539,NIFTY26APR21150PE,PE,21150,2026-04-28,18400258,65,71876,NIFTY,0.05,
1540,NIFTY26APR21100CE,CE,21100,2026-04-28,18399490,65,71873,NIFTY,0.05,
1541,NIFTY26APR21100PE,PE,21100,2026-04-28,18399746,65,71874,NIFTY,0.05,
1542,NIFTY26APR21050CE,CE,21050,2026-04-28,18398978,65,71871,NIFTY,0.05,
1543,NIFTY26APR21050PE,PE,21050,2026-04-28,18399234,65,71872,NIFTY,0.05,
1544,NIFTY26APR21000CE,CE,21000,2026-04-28,18396930,65,71863,NIFTY,0.05,
1545,NIFTY26APR21000PE,PE,21000,2026-04-28,18397186,65,71864,NIFTY,0.05,
1546,NIFTY26APR20950CE,CE,20950,2026-04-28,18396418,65,71861,NIFTY,0.05,
1547,NIFTY26APR20950PE,PE,20950,2026-04-28,18396674,65,71862,NIFTY,0.05,
1548,NIFTY26APR20900CE,CE,20900,2026-04-28,18395394,65,71857,NIFTY,0.05,
1549,NIFTY26APR20900PE,PE,20900,2026-04-28,18395650,65,71858,NIFTY,0.05,
1550,NIFTY26APR20850CE,CE,20850,2026-04-28,18394882,65,71855,NIFTY,0.05,
1551,NIFTY26APR20850PE,PE,20850,2026-04-28,18395138,65,71856,NIFTY,0.05,
1552,NIFTY26APR20800CE,CE,20800,2026-04-28,18394370,65,71853,NIFTY,0.05,
1553,NIFTY26APR20800PE,PE,20800,2026-04-28,18394626,65,71854,NIFTY,0.05,
1554,NIFTY26APR20750CE,CE,20750,2026-04-28,18393858,65,71851,NIFTY,0.05,
1555,NIFTY26APR20750PE,PE,20750,2026-04-28,18394114,65,71852,NIFTY,0.05,
1556,NIFTY26APR20700CE,CE,20700,2026-04-28,18392834,65,71847,NIFTY,0.05,
1557,NIFTY26APR20700PE,PE,20700,2026-04-28,18393602,65,71850,NIFTY,0.05,
1558,NIFTY26APR20650CE,CE,20650,2026-04-28,18389762,65,71835,NIFTY,0.05,
1559,NIFTY26APR20650PE,PE,20650,2026-04-28,18392578,65,71846,NIFTY,0.05,
1560,NIFTY26APR20600CE,CE,20600,2026-04-28,18388738,65,71831,NIFTY,0.05,
1561,NIFTY26APR20600PE,PE,20600,2026-04-28,18389506,65,71834,NIFTY,0.05,
1562,NIFTY26APR20550CE,CE,20550,2026-04-28,18388226,65,71829,NIFTY,0.05,
1563,NIFTY26APR20550PE,PE,20550,2026-04-28,18388482,65,71830,NIFTY,0.05,
1564,NIFTY26APR20500CE,CE,20500,2026-04-28,18387714,65,71827,NIFTY,0.05,
1565,NIFTY26APR20500PE,PE,20500,2026-04-28,18387970,65,71828,NIFTY,0.05,
1566,NIFTY26MAY22500CE,CE,22500,2026-05-26,18395906,65,71859,NIFTY,0.05,
1567,NIFTY26MAY22500PE,PE,22500,2026-05-26,18396162,65,71860,NIFTY,0.05,
1568,NIFTY26MAY22550CE,CE,22550,2026-05-26,18397954,65,71867,NIFTY,0.05,
1569,NIFTY26MAY22550PE,PE,22550,2026-05-26,18398210,65,71868,NIFTY,0.05,
1570,NIFTY26MAY22450CE,CE,22450,2026-05-26,18393090,65,71848,NIFTY,0.05,
1571,NIFTY26MAY22450PE,PE,22450,2026-05-26,18393346,65,71849,NIFTY,0.05,
1572,NIFTY26MAY22600CE,CE,22600,2026-05-26,18398466,65,71869,NIFTY,0.05,
1573,NIFTY26MAY22600PE,PE,22600,2026-05-26,18398722,65,71870,NIFTY,0.05,
1574,NIFTY26MAY22400CE,CE,22400,2026-05-26,18391042,65,71840,NIFTY,0.05,
1575,NIFTY26MAY22400PE,PE,22400,2026-05-26,18391298,65,71841,NIFTY,0.05,
1576,NIFTY26MAY22650CE,CE,22650,2026-05-26,18400514,65,71877,NIFTY,0.05,
1577,NIFTY26MAY22650PE,PE,22650,2026-05-26,18400770,65,71878,NIFTY,0.05,
1578,NIFTY26MAY22350CE,CE,22350,2026-05-26,18390530,65,71838,NIFTY,0.05,
1579,NIFTY26MAY22350PE,PE,22350,2026-05-26,18390786,65,71839,NIFTY,0.05,
1580,NIFTY26MAY22700CE,CE,22700,2026-05-26,18401026,65,71879,NIFTY,0.05,
1581,NIFTY26MAY22700PE,PE,22700,2026-05-26,18401282,65,71880,NIFTY,0.05,
1582,NIFTY26MAY22300CE,CE,22300,2026-05-26,18390018,65,71836,NIFTY,0.05,
1583,NIFTY26MAY22300PE,PE,22300,2026-05-26,18390274,65,71837,NIFTY,0.05,
1584,NIFTY26MAY22750CE,CE,22750,2026-05-26,18401538,65,71881,NIFTY,0.05,
1585,NIFTY26MAY22750PE,PE,22750,2026-05-26,18401794,65,71882,NIFTY,0.05,
1586,NIFTY26MAY22250CE,CE,22250,2026-05-26,18388994,65,71832,NIFTY,0.05,
1587,NIFTY26MAY22250PE,PE,22250,2026-05-26,18389250,65,71833,NIFTY,0.05,
1588,NIFTY26MAY22800CE,CE,22800,2026-05-26,18402050,65,71883,NIFTY,0.05,
1589,NIFTY26MAY22800PE,PE,22800,2026-05-26,18402306,65,71884,NIFTY,0.05,
1590,NIFTY26MAY22200CE,CE,22200,2026-05-26,18385922,65,71820,NIFTY,0.05,
1591,NIFTY26MAY22200PE,PE,22200,2026-05-26,18386178,65,71821,NIFTY,0.05,
1592,NIFTY26MAY22850CE,CE,22850,2026-05-26,18402562,65,71885,NIFTY,0.05,
1593,NIFTY26MAY22850PE,PE,22850,2026-05-26,18402818,65,71886,NIFTY,0.05,
1594,NIFTY26MAY22150CE,CE,22150,2026-05-26,18385410,65,71818,NIFTY,0.05,
1595,NIFTY26MAY22150PE,PE,22150,2026-05-26,18385666,65,71819,NIFTY,0.05,
1596,NIFTY26MAY22900PE,PE,22900,2026-05-26,18403330,65,71888,NIFTY,0.05,
1597,NIFTY26MAY27250CE,CE,27250,2026-05-26,18593026,65,72629,NIFTY,0.05,
1598,NIFTY26MAY27250PE,PE,27250,2026-05-26,18593282,65,72630,NIFTY,0.05,
1599,NIFTY26MAY27200CE,CE,27200,2026-05-26,18592514,65,72627,NIFTY,0.05,
1600,NIFTY26MAY27200PE,PE,27200,2026-05-26,18592770,65,72628,NIFTY,0.05,
1601,NIFTY26MAY27150CE,CE,27150,2026-05-26,18592002,65,72625,NIFTY,0.05,
1602,NIFTY26MAY27150PE,PE,27150,2026-05-26,18592258,65,72626,NIFTY,0.05,
1603,NIFTY26MAY27100CE,CE,27100,2026-05-26,18591490,65,72623,NIFTY,0.05,
1604,NIFTY26MAY27100PE,PE,27100,2026-05-26,18591746,65,72624,NIFTY,0.05,
1605,NIFTY26MAY27050CE,CE,27050,2026-05-26,18590978,65,72621,NIFTY,0.05,
1606,NIFTY26MAY27050PE,PE,27050,2026-05-26,18591234,65,72622,NIFTY,0.05,
1607,NIFTY26MAY27000CE,CE,27000,2026-05-26,18590466,65,72619,NIFTY,0.05,
1608,NIFTY26MAY27000PE,PE,27000,2026-05-26,18590722,65,72620,NIFTY,0.05,
1609,NIFTY26MAY26950CE,CE,26950,2026-05-26,18589954,65,72617,NIFTY,0.05,
1610,NIFTY26MAY26950PE,PE,26950,2026-05-26,18590210,65,72618,NIFTY,0.05,
1611,NIFTY26MAY26900CE,CE,26900,2026-05-26,18589442,65,72615,NIFTY,0.05,
1612,NIFTY26MAY26900PE,PE,26900,2026-05-26,18589698,65,72616,NIFTY,0.05,
1613,NIFTY26MAY26850CE,CE,26850,2026-05-26,18587394,65,72607,NIFTY,0.05,
1614,NIFTY26MAY26850PE,PE,26850,2026-05-26,18587650,65,72608,NIFTY,0.05,
1615,NIFTY26MAY26800CE,CE,26800,2026-05-26,18586882,65,72605,NIFTY,0.05,
1616,NIFTY26MAY26800PE,PE,26800,2026-05-26,18587138,65,72606,NIFTY,0.05,
1617,NIFTY26MAY26750CE,CE,26750,2026-05-26,18586370,65,72603,NIFTY,0.05,
1618,NIFTY26MAY26750PE,PE,26750,2026-05-26,18586626,65,72604,NIFTY,0.05,
1619,NIFTY26MAY26700CE,CE,26700,2026-05-26,18585858,65,72601,NIFTY,0.05,
1620,NIFTY26MAY26700PE,PE,26700,2026-05-26,18586114,65,72602,NIFTY,0.05,
1621,NIFTY26MAY26650CE,CE,26650,2026-05-26,18585346,65,72599,NIFTY,0.05,
1622,NIFTY26MAY26650PE,PE,26650,2026-05-26,18585602,65,72600,NIFTY,0.05,
1623,NIFTY26MAY26600CE,CE,26600,2026-05-26,18584834,65,72597,NIFTY,0.05,
1624,NIFTY26MAY26600PE,PE,26600,2026-05-26,18585090,65,72598,NIFTY,0.05,
1625,NIFTY26MAY26550CE,CE,26550,2026-05-26,18583810,65,72593,NIFTY,0.05,
1626,NIFTY26MAY26550PE,PE,26550,2026-05-26,18584578,65,72596,NIFTY,0.05,
1627,NIFTY26MAY26500CE,CE,26500,2026-05-26,18580226,65,72579,NIFTY,0.05,
1628,NIFTY26MAY26500PE,PE,26500,2026-05-26,18583554,65,72592,NIFTY,0.05,
1629,NIFTY26MAY26450CE,CE,26450,2026-05-26,18579714,65,72577,NIFTY,0.05,
1630,NIFTY26MAY26450PE,PE,26450,2026-05-26,18579970,65,72578,NIFTY,0.05,
1631,NIFTY26MAY26400CE,CE,26400,2026-05-26,18552322,65,72470,NIFTY,0.05,
1632,NIFTY26MAY26400PE,PE,26400,2026-05-26,18552578,65,72471,NIFTY,0.05,
1633,NIFTY26MAY26350CE,CE,26350,2026-05-26,18548226,65,72454,NIFTY,0.05,
1634,NIFTY26MAY26350PE,PE,26350,2026-05-26,18548482,65,72455,NIFTY,0.05,
1635,NIFTY26MAY26300CE,CE,26300,2026-05-26,18547714,65,72452,NIFTY,0.05,
1636,NIFTY26MAY26300PE,PE,26300,2026-05-26,18547970,65,72453,NIFTY,0.05,
1637,NIFTY26MAY26250CE,CE,26250,2026-05-26,18547202,65,72450,NIFTY,0.05,
1638,NIFTY26MAY26250PE,PE,26250,2026-05-26,18547458,65,72451,NIFTY,0.05,
1639,NIFTY26MAY26200CE,CE,26200,2026-05-26,18532354,65,72392,NIFTY,0.05,
1640,NIFTY26MAY26200PE,PE,26200,2026-05-26,18532610,65,72393,NIFTY,0.05,
1641,NIFTY26MAY26150CE,CE,26150,2026-05-26,18531842,65,72390,NIFTY,0.05,
1642,NIFTY26MAY26150PE,PE,26150,2026-05-26,18532098,65,72391,NIFTY,0.05,
1643,NIFTY26MAY26100CE,CE,26100,2026-05-26,18531330,65,72388,NIFTY,0.05,
1644,NIFTY26MAY26100PE,PE,26100,2026-05-26,18531586,65,72389,NIFTY,0.05,
1645,NIFTY26MAY26050CE,CE,26050,2026-05-26,18530818,65,72386,NIFTY,0.05,
1646,NIFTY26MAY26050PE,PE,26050,2026-05-26,18531074,65,72387,NIFTY,0.05,
1647,NIFTY26MAY26000CE,CE,26000,2026-05-26,18529538,65,72381,NIFTY,0.05,
1648,NIFTY26MAY26000PE,PE,26000,2026-05-26,18529794,65,72382,NIFTY,0.05,
1649,NIFTY26MAY25950CE,CE,25950,2026-05-26,18529026,65,72379,NIFTY,0.05,
1650,NIFTY26MAY25950PE,PE,25950,2026-05-26,18529282,65,72380,NIFTY,0.05,
1651,NIFTY26MAY25900CE,CE,25900,2026-05-26,18528514,65,72377,NIFTY,0.05,
1652,NIFTY26MAY25900PE,PE,25900,2026-05-26,18528770,65,72378,NIFTY,0.05,
1653,NIFTY26MAY25850CE,CE,25850,2026-05-26,18528002,65,72375,NIFTY,0.05,
1654,NIFTY26MAY25850PE,PE,25850,2026-05-26,18528258,65,72376,NIFTY,0.05,
1655,NIFTY26MAY25800CE,CE,25800,2026-05-26,18527490,65,72373,NIFTY,0.05,
1656,NIFTY26MAY25800PE,PE,25800,2026-05-26,18527746,65,72374,NIFTY,0.05,
1657,NIFTY26MAY25750CE,CE,25750,2026-05-26,18526978,65,72371,NIFTY,0.05,
1658,NIFTY26MAY25750PE,PE,25750,2026-05-26,18527234,65,72372,NIFTY,0.05,
1659,NIFTY26MAY25700CE,CE,25700,2026-05-26,18524930,65,72363,NIFTY,0.05,
1660,NIFTY26MAY25700PE,PE,25700,2026-05-26,18525186,65,72364,NIFTY,0.05,
1661,NIFTY26MAY25650CE,CE,25650,2026-05-26,18523650,65,72358,NIFTY,0.05,
1662,NIFTY26MAY25650PE,PE,25650,2026-05-26,18524162,65,72360,NIFTY,0.05,
1663,NIFTY26MAY25600CE,CE,25600,2026-05-26,18522114,65,72352,NIFTY,0.05,
1664,NIFTY26MAY25600PE,PE,25600,2026-05-26,18523138,65,72356,NIFTY,0.05,
1665,NIFTY26MAY25550CE,CE,25550,2026-05-26,18520322,65,72345,NIFTY,0.05,
1666,NIFTY26MAY25550PE,PE,25550,2026-05-26,18521858,65,72351,NIFTY,0.05,
1667,NIFTY26MAY25500CE,CE,25500,2026-05-26,18519042,65,72340,NIFTY,0.05,
1668,NIFTY26MAY25500PE,PE,25500,2026-05-26,18520066,65,72344,NIFTY,0.05,
1669,NIFTY26MAY25450CE,CE,25450,2026-05-26,18513922,65,72320,NIFTY,0.05,
1670,NIFTY26MAY25450PE,PE,25450,2026-05-26,18514178,65,72321,NIFTY,0.05,
1671,NIFTY26MAY25400CE,CE,25400,2026-05-26,18513410,65,72318,NIFTY,0.05,
1672,NIFTY26MAY25400PE,PE,25400,2026-05-26,18513666,65,72319,NIFTY,0.05,
1673,NIFTY26MAY25350CE,CE,25350,2026-05-26,18512386,65,72314,NIFTY,0.05,
1674,NIFTY26MAY25350PE,PE,25350,2026-05-26,18512642,65,72315,NIFTY,0.05,
1675,NIFTY26MAY25300CE,CE,25300,2026-05-26,18511362,65,72310,NIFTY,0.05,
1676,NIFTY26MAY25300PE,PE,25300,2026-05-26,18512130,65,72313,NIFTY,0.05,
1677,NIFTY26MAY25250CE,CE,25250,2026-05-26,18510850,65,72308,NIFTY,0.05,
1678,NIFTY26MAY25250PE,PE,25250,2026-05-26,18511106,65,72309,NIFTY,0.05,
1679,NIFTY26MAY25200CE,CE,25200,2026-05-26,18510338,65,72306,NIFTY,0.05,
1680,NIFTY26MAY25200PE,PE,25200,2026-05-26,18510594,65,72307,NIFTY,0.05,
1681,NIFTY26MAY25150CE,CE,25150,2026-05-26,18509826,65,72304,NIFTY,0.05,
1682,NIFTY26MAY25150PE,PE,25150,2026-05-26,18510082,65,72305,NIFTY,0.05,
1683,NIFTY26MAY25100CE,CE,25100,2026-05-26,18509314,65,72302,NIFTY,0.05,
1684,NIFTY26MAY25100PE,PE,25100,2026-05-26,18509570,65,72303,NIFTY,0.05,
1685,NIFTY26MAY25050CE,CE,25050,2026-05-26,18508802,65,72300,NIFTY,0.05,
1686,NIFTY26MAY25050PE,PE,25050,2026-05-26,18509058,65,72301,NIFTY,0.05,
1687,NIFTY26MAY25000CE,CE,25000,2026-05-26,18508290,65,72298,NIFTY,0.05,
1688,NIFTY26MAY25000PE,PE,25000,2026-05-26,18508546,65,72299,NIFTY,0.05,
1689,NIFTY26MAY24950CE,CE,24950,2026-05-26,18507778,65,72296,NIFTY,0.05,
1690,NIFTY26MAY24950PE,PE,24950,2026-05-26,18508034,65,72297,NIFTY,0.05,
1691,NIFTY26MAY24900CE,CE,24900,2026-05-26,18507266,65,72294,NIFTY,0.05,
1692,NIFTY26MAY24900PE,PE,24900,2026-05-26,18507522,65,72295,NIFTY,0.05,
1693,NIFTY26MAY24850CE,CE,24850,2026-05-26,18506754,65,72292,NIFTY,0.05,
1694,NIFTY26MAY24850PE,PE,24850,2026-05-26,18507010,65,72293,NIFTY,0.05,
1695,NIFTY26MAY24800CE,CE,24800,2026-05-26,18506242,65,72290,NIFTY,0.05,
1696,NIFTY26MAY24800PE,PE,24800,2026-05-26,18506498,65,72291,NIFTY,0.05,
1697,NIFTY26MAY24750CE,CE,24750,2026-05-26,18505730,65,72288,NIFTY,0.05,
1698,NIFTY26MAY24750PE,PE,24750,2026-05-26,18505986,65,72289,NIFTY,0.05,
1699,NIFTY26MAY24700CE,CE,24700,2026-05-26,18505218,65,72286,NIFTY,0.05,
1700,NIFTY26MAY24700PE,PE,24700,2026-05-26,18505474,65,72287,NIFTY,0.05,
1701,NIFTY26MAY24650CE,CE,24650,2026-05-26,18504706,65,72284,NIFTY,0.05,
1702,NIFTY26MAY24650PE,PE,24650,2026-05-26,18504962,65,72285,NIFTY,0.05,
1703,NIFTY26MAY24600CE,CE,24600,2026-05-26,18504194,65,72282,NIFTY,0.05,
1704,NIFTY26MAY24600PE,PE,24600,2026-05-26,18504450,65,72283,NIFTY,0.05,
1705,NIFTY26MAY24550CE,CE,24550,2026-05-26,18503682,65,72280,NIFTY,0.05,
1706,NIFTY26MAY24550PE,PE,24550,2026-05-26,18503938,65,72281,NIFTY,0.05,
1707,NIFTY26MAY24500CE,CE,24500,2026-05-26,18502402,65,72275,NIFTY,0.05,
1708,NIFTY26MAY24500PE,PE,24500,2026-05-26,18502658,65,72276,NIFTY,0.05,
1709,NIFTY26MAY24450CE,CE,24450,2026-05-26,18501890,65,72273,NIFTY,0.05,
1710,NIFTY26MAY24450PE,PE,24450,2026-05-26,18502146,65,72274,NIFTY,0.05,
1711,NIFTY26MAY24400CE,CE,24400,2026-05-26,18494210,65,72243,NIFTY,0.05,
1712,NIFTY26MAY24400PE,PE,24400,2026-05-26,18495234,65,72247,NIFTY,0.05,
1713,NIFTY26MAY24350CE,CE,24350,2026-05-26,18493698,65,72241,NIFTY,0.05,
1714,NIFTY26MAY24350PE,PE,24350,2026-05-26,18493954,65,72242,NIFTY,0.05,
1715,NIFTY26MAY24300CE,CE,24300,2026-05-26,18493186,65,72239,NIFTY,0.05,
1716,NIFTY26MAY24300PE,PE,24300,2026-05-26,18493442,65,72240,NIFTY,0.05,
1717,NIFTY26MAY24250CE,CE,24250,2026-05-26,18492674,65,72237,NIFTY,0.05,
1718,NIFTY26MAY24250PE,PE,24250,2026-05-26,18492930,65,72238,NIFTY,0.05,
1719,NIFTY26MAY24200CE,CE,24200,2026-05-26,18479874,65,72187,NIFTY,0.05,
1720,NIFTY26MAY24200PE,PE,24200,2026-05-26,18480130,65,72188,NIFTY,0.05,
1721,NIFTY26MAY24150CE,CE,24150,2026-05-26,18479362,65,72185,NIFTY,0.05,
1722,NIFTY26MAY24150PE,PE,24150,2026-05-26,18479618,65,72186,NIFTY,0.05,
1723,NIFTY26MAY24100CE,CE,24100,2026-05-26,18478850,65,72183,NIFTY,0.05,
1724,NIFTY26MAY24100PE,PE,24100,2026-05-26,18479106,65,72184,NIFTY,0.05,
1725,NIFTY26MAY24050CE,CE,24050,2026-05-26,18478338,65,72181,NIFTY,0.05,
1726,NIFTY26MAY24050PE,PE,24050,2026-05-26,18478594,65,72182,NIFTY,0.05,
1727,NIFTY26MAY24000CE,CE,24000,2026-05-26,18477826,65,72179,NIFTY,0.05,
1728,NIFTY26MAY24000PE,PE,24000,2026-05-26,18478082,65,72180,NIFTY,0.05,
1729,NIFTY26MAY23950CE,CE,23950,2026-05-26,18477314,65,72177,NIFTY,0.05,
1730,NIFTY26MAY23950PE,PE,23950,2026-05-26,18477570,65,72178,NIFTY,0.05,
1731,NIFTY26MAY23900CE,CE,23900,2026-05-26,18476802,65,72175,NIFTY,0.05,
1732,NIFTY26MAY23900PE,PE,23900,2026-05-26,18477058,65,72176,NIFTY,0.05,
1733,NIFTY26MAY23850CE,CE,23850,2026-05-26,18476290,65,72173,NIFTY,0.05,
1734,NIFTY26MAY23850PE,PE,23850,2026-05-26,18476546,65,72174,NIFTY,0.05,
1735,NIFTY26MAY23800CE,CE,23800,2026-05-26,18475778,65,72171,NIFTY,0.05,
1736,NIFTY26MAY23800PE,PE,23800,2026-05-26,18476034,65,72172,NIFTY,0.05,
1737,NIFTY26MAY23750CE,CE,23750,2026-05-26,18475266,65,72169,NIFTY,0.05,
1738,NIFTY26MAY23750PE,PE,23750,2026-05-26,18475522,65,72170,NIFTY,0.05,
1739,NIFTY26MAY23700CE,CE,23700,2026-05-26,18474754,65,72167,NIFTY,0.05,
1740,NIFTY26MAY23700PE,PE,23700,2026-05-26,18475010,65,72168,NIFTY,0.05,
1741,NIFTY26MAY23650CE,CE,23650,2026-05-26,18474242,65,72165,NIFTY,0.05,
1742,NIFTY26MAY23650PE,PE,23650,2026-05-26,18474498,65,72166,NIFTY,0.05,
1743,NIFTY26MAY23600CE,CE,23600,2026-05-26,18468610,65,72143,NIFTY,0.05,
1744,NIFTY26MAY23600PE,PE,23600,2026-05-26,18469634,65,72147,NIFTY,0.05,
1745,NIFTY26MAY23550CE,CE,23550,2026-05-26,18468098,65,72141,NIFTY,0.05,
1746,NIFTY26MAY23550PE,PE,23550,2026-05-26,18468354,65,72142,NIFTY,0.05,
1747,NIFTY26MAY23500CE,CE,23500,2026-05-26,18449154,65,72067,NIFTY,0.05,
1748,NIFTY26MAY23500PE,PE,23500,2026-05-26,18449410,65,72068,NIFTY,0.05,
1749,NIFTY26MAY23450CE,CE,23450,2026-05-26,18436866,65,72019,NIFTY,0.05,
1750,NIFTY26MAY23450PE,PE,23450,2026-05-26,18437122,65,72020,NIFTY,0.05,
1751,NIFTY26MAY23400CE,CE,23400,2026-05-26,18435842,65,72015,NIFTY,0.05,
1752,NIFTY26MAY23400PE,PE,23400,2026-05-26,18436098,65,72016,NIFTY,0.05,
1753,NIFTY26MAY23350CE,CE,23350,2026-05-26,18435330,65,72013,NIFTY,0.05,
1754,NIFTY26MAY23350PE,PE,23350,2026-05-26,18435586,65,72014,NIFTY,0.05,
1755,NIFTY26MAY23300CE,CE,23300,2026-05-26,18427138,65,71981,NIFTY,0.05,
1756,NIFTY26MAY23300PE,PE,23300,2026-05-26,18427394,65,71982,NIFTY,0.05,
1757,NIFTY26MAY23250CE,CE,23250,2026-05-26,18426626,65,71979,NIFTY,0.05,
1758,NIFTY26MAY23250PE,PE,23250,2026-05-26,18426882,65,71980,NIFTY,0.05,
1759,NIFTY26MAY23200CE,CE,23200,2026-05-26,18426114,65,71977,NIFTY,0.05,
1760,NIFTY26MAY23200PE,PE,23200,2026-05-26,18426370,65,71978,NIFTY,0.05,
1761,NIFTY26MAY23150CE,CE,23150,2026-05-26,18416898,65,71941,NIFTY,0.05,
1762,NIFTY26MAY23150PE,PE,23150,2026-05-26,18417154,65,71942,NIFTY,0.05,
1763,NIFTY26MAY23100CE,CE,23100,2026-05-26,18411266,65,71919,NIFTY,0.05,
1764,NIFTY26MAY23100PE,PE,23100,2026-05-26,18411522,65,71920,NIFTY,0.05,
1765,NIFTY26MAY23050CE,CE,23050,2026-05-26,18405122,65,71895,NIFTY,0.05,
1766,NIFTY26MAY23050PE,PE,23050,2026-05-26,18405378,65,71896,NIFTY,0.05,
1767,NIFTY26MAY23000CE,CE,23000,2026-05-26,18404098,65,71891,NIFTY,0.05,
1768,NIFTY26MAY23000PE,PE,23000,2026-05-26,18404354,65,71892,NIFTY,0.05,
1769,NIFTY26MAY22950CE,CE,22950,2026-05-26,18403586,65,71889,NIFTY,0.05,
1770,NIFTY26MAY22950PE,PE,22950,2026-05-26,18403842,65,71890,NIFTY,0.05,
1771,NIFTY26MAY22900CE,CE,22900,2026-05-26,18403074,65,71887,NIFTY,0.05,
1772,NIFTY26MAY22100CE,CE,22100,2026-05-26,18384898,65,71816,NIFTY,0.05,
1773,NIFTY26MAY22100PE,PE,22100,2026-05-26,18385154,65,71817,NIFTY,0.05,
1774,NIFTY26MAY22050CE,CE,22050,2026-05-26,18384130,65,71813,NIFTY,0.05,
1775,NIFTY26MAY22050PE,PE,22050,2026-05-26,18384386,65,71814,NIFTY,0.05,
1776,NIFTY26MAY22000CE,CE,22000,2026-05-26,18379010,65,71793,NIFTY,0.05,
1777,NIFTY26MAY22000PE,PE,22000,2026-05-26,18380546,65,71799,NIFTY,0.05,
1778,NIFTY26MAY21950CE,CE,21950,2026-05-26,18378242,65,71790,NIFTY,0.05,
1779,NIFTY26MAY21950PE,PE,21950,2026-05-26,18378754,65,71792,NIFTY,0.05,
1780,NIFTY26MAY21900CE,CE,21900,2026-05-26,18377730,65,71788,NIFTY,0.05,
1781,NIFTY26MAY21900PE,PE,21900,2026-05-26,18377986,65,71789,NIFTY,0.05,
1782,NIFTY26MAY21850CE,CE,21850,2026-05-26,18377218,65,71786,NIFTY,0.05,
1783,NIFTY26MAY21850PE,PE,21850,2026-05-26,18377474,65,71787,NIFTY,0.05,
1784,NIFTY26MAY21800CE,CE,21800,2026-05-26,18376706,65,71784,NIFTY,0.05,
1785,NIFTY26MAY21800PE,PE,21800,2026-05-26,18376962,65,71785,NIFTY,0.05,
1786,NIFTY26MAY21750CE,CE,21750,2026-05-26,18376194,65,71782,NIFTY,0.05,
1787,NIFTY26MAY21750PE,PE,21750,2026-05-26,18376450,65,71783,NIFTY,0.05,
1788,NIFTY26MAY21700CE,CE,21700,2026-05-26,18375682,65,71780,NIFTY,0.05,
1789,NIFTY26MAY21700PE,PE,21700,2026-05-26,18375938,65,71781,NIFTY,0.05,
1790,NIFTY26MAY21650CE,CE,21650,2026-05-26,18375170,65,71778,NIFTY,0.05,
1791,NIFTY26MAY21650PE,PE,21650,2026-05-26,18375426,65,71779,NIFTY,0.05,
1792,NIFTY26MAY21600CE,CE,21600,2026-05-26,18373378,65,71771,NIFTY,0.05,
1793,NIFTY26MAY21600PE,PE,21600,2026-05-26,18373634,65,71772,NIFTY,0.05,
1794,NIFTY26MAY21550CE,CE,21550,2026-05-26,18372866,65,71769,NIFTY,0.05,
1795,NIFTY26MAY21550PE,PE,21550,2026-05-26,18373122,65,71770,NIFTY,0.05,
1796,NIFTY26MAY21500CE,CE,21500,2026-05-26,18372354,65,71767,NIFTY,0.05,
1797,NIFTY26MAY21500PE,PE,21500,2026-05-26,18372610,65,71768,NIFTY,0.05,
1798,NIFTY26MAY21450CE,CE,21450,2026-05-26,18371842,65,71765,NIFTY,0.05,
1799,NIFTY26MAY21450PE,PE,21450,2026-05-26,18372098,65,71766,NIFTY,0.05,
1800,NIFTY26MAY21400CE,CE,21400,2026-05-26,18371330,65,71763,NIFTY,0.05,
1801,NIFTY26MAY21400PE,PE,21400,2026-05-26,18371586,65,71764,NIFTY,0.05,
1802,NIFTY26MAY21350CE,CE,21350,2026-05-26,18370818,65,71761,NIFTY,0.05,
1803,NIFTY26MAY21350PE,PE,21350,2026-05-26,18371074,65,71762,NIFTY,0.05,
1804,NIFTY26MAY21300CE,CE,21300,2026-05-26,18368770,65,71753,NIFTY,0.05,
1805,NIFTY26MAY21300PE,PE,21300,2026-05-26,18369026,65,71754,NIFTY,0.05,
1806,NIFTY26MAY21250CE,CE,21250,2026-05-26,18367234,65,71747,NIFTY,0.05,
1807,NIFTY26MAY21250PE,PE,21250,2026-05-26,18367490,65,71748,NIFTY,0.05,
1808,NIFTY26MAY21200CE,CE,21200,2026-05-26,18366722,65,71745,NIFTY,0.05,
1809,NIFTY26MAY21200PE,PE,21200,2026-05-26,18366978,65,71746,NIFTY,0.05,
1810,NIFTY26MAY21150CE,CE,21150,2026-05-26,18365698,65,71741,NIFTY,0.05,
1811,NIFTY26MAY21150PE,PE,21150,2026-05-26,18365954,65,71742,NIFTY,0.05,
1812,NIFTY26MAY21100CE,CE,21100,2026-05-26,18365186,65,71739,NIFTY,0.05,
1813,NIFTY26MAY21100PE,PE,21100,2026-05-26,18365442,65,71740,NIFTY,0.05,
1814,NIFTY26MAY21050CE,CE,21050,2026-05-26,18364674,65,71737,NIFTY,0.05,
1815,NIFTY26MAY21050PE,PE,21050,2026-05-26,18364930,65,71738,NIFTY,0.05,
1816,NIFTY26MAY21000CE,CE,21000,2026-05-26,18364162,65,71735,NIFTY,0.05,
1817,NIFTY26MAY21000PE,PE,21000,2026-05-26,18364418,65,71736,NIFTY,0.05,
1818,NIFTY26MAY20950CE,CE,20950,2026-05-26,18363650,65,71733,NIFTY,0.05,
1819,NIFTY26MAY20950PE,PE,20950,2026-05-26,18363906,65,71734,NIFTY,0.05,
1820,NIFTY26MAY20900CE,CE,20900,2026-05-26,18363138,65,71731,NIFTY,0.05,
1821,NIFTY26MAY20900PE,PE,20900,2026-05-26,18363394,65,71732,NIFTY,0.05,
1822,NIFTY26MAY20850CE,CE,20850,2026-05-26,18362626,65,71729,NIFTY,0.05,
1823,NIFTY26MAY20850PE,PE,20850,2026-05-26,18362882,65,71730,NIFTY,0.05,
1824,NIFTY26MAY20800CE,CE,20800,2026-05-26,18362114,65,71727,NIFTY,0.05,
1825,NIFTY26MAY20800PE,PE,20800,2026-05-26,18362370,65,71728,NIFTY,0.05,
1826,NIFTY26MAY20750CE,CE,20750,2026-05-26,18361602,65,71725,NIFTY,0.05,
1827,NIFTY26MAY20750PE,PE,20750,2026-05-26,18361858,65,71726,NIFTY,0.05,
1828,NIFTY26MAY20700CE,CE,20700,2026-05-26,18361090,65,71723,NIFTY,0.05,
1829,NIFTY26MAY20700PE,PE,20700,2026-05-26,18361346,65,71724,NIFTY,0.05,
1830,NIFTY26MAY20650CE,CE,20650,2026-05-26,18360578,65,71721,NIFTY,0.05,
1831,NIFTY26MAY20650PE,PE,20650,2026-05-26,18360834,65,71722,NIFTY,0.05,
1832,NIFTY26MAY20600CE,CE,20600,2026-05-26,18360066,65,71719,NIFTY,0.05,
1833,NIFTY26MAY20600PE,PE,20600,2026-05-26,18360322,65,71720,NIFTY,0.05,
1834,NIFTY26MAY20550CE,CE,20550,2026-05-26,18359554,65,71717,NIFTY,0.05,
1835,NIFTY26MAY20550PE,PE,20550,2026-05-26,18359810,65,71718,NIFTY,0.05,
1836,NIFTY26MAY20500CE,CE,20500,2026-05-26,18359042,65,71715,NIFTY,0.05,
1837,NIFTY26MAY20500PE,PE,20500,2026-05-26,18359298,65,71716,NIFTY,0.05,
1838,NIFTY26JUN22500CE,CE,22500,2026-06-30,14127362,65,55185,NIFTY,0.05,
1839,NIFTY26JUN22500PE,PE,22500,2026-06-30,14127618,65,55186,NIFTY,0.05,
1840,NIFTY26JUN23000CE,CE,23000,2026-06-30,9676546,65,37799,NIFTY,0.05,
1841,NIFTY26JUN23000PE,PE,23000,2026-06-30,9678082,65,37805,NIFTY,0.05,
1842,NIFTY26JUN22000PE,PE,22000,2026-06-30,15008514,65,58627,NIFTY,0.05,
1843,NIFTY26JUN24000CE,CE,24000,2026-06-30,18296834,65,71472,NIFTY,0.05,
1844,NIFTY26JUN24000PE,PE,24000,2026-06-30,18297090,65,71473,NIFTY,0.05,
1845,NIFTY26JUN21000CE,CE,21000,2026-06-30,13171970,65,51453,NIFTY,0.05,
1846,NIFTY26JUN21000PE,PE,21000,2026-06-30,13172482,65,51455,NIFTY,0.05,
1847,NIFTY26JUN25000CE,CE,25000,2026-06-30,18297346,65,71474,NIFTY,0.05,
1848,NIFTY26JUN25000PE,PE,25000,2026-06-30,18297602,65,71475,NIFTY,0.05,
1849,NIFTY26JUN20000PE,PE,20000,2026-06-30,9825282,65,38380,NIFTY,0.05,
1850,NIFTY26JUN25500CE,CE,25500,2026-06-30,14128130,65,55188,NIFTY,0.05,
1851,NIFTY26JUN25500PE,PE,25500,2026-06-30,14128386,65,55189,NIFTY,0.05,
1852,NIFTY26JUN19500CE,CE,19500,2026-06-30,14126850,65,55183,NIFTY,0.05,
1853,NIFTY26JUN19500PE,PE,19500,2026-06-30,14127106,65,55184,NIFTY,0.05,
1854,NIFTY26JUN26000CE,CE,26000,2026-06-30,18297858,65,71476,NIFTY,0.05,
1855,NIFTY26JUN26000PE,PE,26000,2026-06-30,18298114,65,71477,NIFTY,0.05,
1856,NIFTY26JUN19000CE,CE,19000,2026-06-30,10237186,65,39989,NIFTY,0.05,
1857,NIFTY26JUN19000PE,PE,19000,2026-06-30,10237442,65,39990,NIFTY,0.05,
1858,NIFTY26JUN27000CE,CE,27000,2026-06-30,13049090,65,50973,NIFTY,0.05,
1859,NIFTY26JUN27000PE,PE,27000,2026-06-30,13049858,65,50976,NIFTY,0.05,
1860,NIFTY26JUN18000CE,CE,18000,2026-06-30,12942338,65,50556,NIFTY,0.05,
1861,NIFTY26JUN18000PE,PE,18000,2026-06-30,12942594,65,50557,NIFTY,0.05,
1862,NIFTY26JUN28000CE,CE,28000,2026-06-30,12939522,65,50545,NIFTY,0.05,
1863,NIFTY26JUN28000PE,PE,28000,2026-06-30,12939778,65,50546,NIFTY,0.05,
1864,NIFTY26JUN28500PE,PE,28500,2026-06-30,14128898,65,55191,NIFTY,0.05,
1865,NIFTY26JUN16500CE,CE,16500,2026-06-30,14126338,65,55181,NIFTY,0.05,
1866,NIFTY26JUN16500PE,PE,16500,2026-06-30,14126594,65,55182,NIFTY,0.05,
1867,NIFTY26JUN16000PE,PE,16000,2026-06-30,12918274,65,50462,NIFTY,0.05,
1868,NIFTY26JUN15000CE,CE,15000,2026-06-30,12914434,65,50447,NIFTY,0.05,
1869,NIFTY26JUN34500CE,CE,34500,2026-06-30,14137346,65,55224,NIFTY,0.05,
1870,NIFTY26JUN34500PE,PE,34500,2026-06-30,14137602,65,55225,NIFTY,0.05,
1871,NIFTY26JUN33000CE,CE,33000,2026-06-30,12080130,65,47188,NIFTY,0.05,
1872,NIFTY26JUN33000PE,PE,33000,2026-06-30,12080386,65,47189,NIFTY,0.05,
1873,NIFTY26JUN31500CE,CE,31500,2026-06-30,14136322,65,55220,NIFTY,0.05,
1874,NIFTY26JUN31500PE,PE,31500,2026-06-30,14136578,65,55221,NIFTY,0.05,
1875,NIFTY26JUN31000CE,CE,31000,2026-06-30,10786050,65,42133,NIFTY,0.05,
1876,NIFTY26JUN30000CE,CE,30000,2026-06-30,9018626,65,35229,NIFTY,0.05,
1877,NIFTY26JUN30000PE,PE,30000,2026-06-30,9019138,65,35231,NIFTY,0.05,
1878,NIFTY26JUN29000CE,CE,29000,2026-06-30,9767426,65,38154,NIFTY,0.05,
1879,NIFTY26JUN29000PE,PE,29000,2026-06-30,9768194,65,38157,NIFTY,0.05,
1880,NIFTY26JUN28500CE,CE,28500,2026-06-30,14128642,65,55190,NIFTY,0.05,
1881,NIFTY26JUN15000PE,PE,15000,2026-06-30,12914690,65,50448,NIFTY,0.05,
1882,NIFTY26JUN14000PE,PE,14000,2026-06-30,12913666,65,50444,NIFTY,0.05,
1883,NIFTY26JUN13000PE,PE,13000,2026-06-30,9677314,65,37802,NIFTY,0.05,
1884,NIFTY26JUN12000CE,CE,12000,2026-06-30,15007746,65,58624,NIFTY,0.05,
1885,NIFTY26JUN12000PE,PE,12000,2026-06-30,15008002,65,58625,NIFTY,0.05,
1886,NIFTY26SEP22500CE,CE,22500,2026-09-29,14152706,65,55284,NIFTY,0.05,
1887,NIFTY26SEP22500PE,PE,22500,2026-09-29,14152962,65,55285,NIFTY,0.05,
1888,NIFTY26SEP23000PE,PE,23000,2026-09-29,16870146,65,65899,NIFTY,0.05,
1889,NIFTY26SEP24000CE,CE,24000,2026-09-29,16870402,65,65900,NIFTY,0.05,
1890,NIFTY26SEP24000PE,PE,24000,2026-09-29,16870658,65,65901,NIFTY,0.05,
1891,NIFTY26SEP21000CE,CE,21000,2026-09-29,16868610,65,65893,NIFTY,0.05,
1892,NIFTY26SEP21000PE,PE,21000,2026-09-29,16868866,65,65894,NIFTY,0.05,
1893,NIFTY26SEP25000PE,PE,25000,2026-09-29,16871170,65,65903,NIFTY,0.05,
1894,NIFTY26SEP25500CE,CE,25500,2026-09-29,14153218,65,55286,NIFTY,0.05,
1895,NIFTY26SEP25500PE,PE,25500,2026-09-29,14153474,65,55287,NIFTY,0.05,
1896,NIFTY26SEP19500CE,CE,19500,2026-09-29,14152194,65,55282,NIFTY,0.05,
1897,NIFTY26SEP19500PE,PE,19500,2026-09-29,14152450,65,55283,NIFTY,0.05,
1898,NIFTY26SEP26000CE,CE,26000,2026-09-29,16871426,65,65904,NIFTY,0.05,
1899,NIFTY26SEP26000PE,PE,26000,2026-09-29,16871682,65,65905,NIFTY,0.05,
1900,NIFTY26SEP27000CE,CE,27000,2026-09-29,16871938,65,65906,NIFTY,0.05,
1901,NIFTY26SEP27000PE,PE,27000,2026-09-29,16872194,65,65907,NIFTY,0.05,
1902,NIFTY26SEP18000CE,CE,18000,2026-09-29,16867074,65,65887,NIFTY,0.05,
1903,NIFTY26SEP18000PE,PE,18000,2026-09-29,16867330,65,65888,NIFTY,0.05,
1904,NIFTY26SEP28500CE,CE,28500,2026-09-29,14153730,65,55288,NIFTY,0.05,
1905,NIFTY26SEP28500PE,PE,28500,2026-09-29,14153986,65,55289,NIFTY,0.05,
1906,NIFTY26SEP16500CE,CE,16500,2026-09-29,14151682,65,55280,NIFTY,0.05,
1907,NIFTY26SEP16500PE,PE,16500,2026-09-29,14151938,65,55281,NIFTY,0.05,
1908,NIFTY26SEP30000CE,CE,30000,2026-09-29,16876290,65,65923,NIFTY,0.05,
1909,NIFTY26SEP30000PE,PE,30000,2026-09-29,16876546,65,65924,NIFTY,0.05,
1910,NIFTY26SEP15000CE,CE,15000,2026-09-29,16865538,65,65881,NIFTY,0.05,
1911,NIFTY26SEP15000PE,PE,15000,2026-09-29,16865794,65,65882,NIFTY,0.05,
1912,NIFTY26SEP31500PE,PE,31500,2026-09-29,14154498,65,55291,NIFTY,0.05,
1913,NIFTY26SEP34500CE,CE,34500,2026-09-29,14154754,65,55292,NIFTY,0.05,
1914,NIFTY26SEP34500PE,PE,34500,2026-09-29,14155010,65,55293,NIFTY,0.05,
1915,NIFTY26SEP33000CE,CE,33000,2026-09-29,16877826,65,65929,NIFTY,0.05,
1916,NIFTY26SEP33000PE,PE,33000,2026-09-29,16878082,65,65930,NIFTY,0.05,
1917,NIFTY26SEP31500CE,CE,31500,2026-09-29,14154242,65,55290,NIFTY,0.05,
1918,NIFTY26DEC22500CE,CE,22500,2026-12-29,14163458,65,55326,NIFTY,0.05,
1919,NIFTY26DEC22500PE,PE,22500,2026-12-29,14163714,65,55327,NIFTY,0.05,
1920,NIFTY26DEC23000CE,CE,23000,2026-12-29,9678338,65,37806,NIFTY,0.05,
1921,NIFTY26DEC23000PE,PE,23000,2026-12-29,9679362,65,37810,NIFTY,0.05,
1922,NIFTY26DEC22000CE,CE,22000,2026-12-29,15013890,65,58648,NIFTY,0.05,
1923,NIFTY26DEC22000PE,PE,22000,2026-12-29,15014146,65,58649,NIFTY,0.05,
1924,NIFTY26DEC24000CE,CE,24000,2026-12-29,18304258,65,71501,NIFTY,0.05,
1925,NIFTY26DEC24000PE,PE,24000,2026-12-29,18304514,65,71502,NIFTY,0.05,
1926,NIFTY26DEC21000CE,CE,21000,2026-12-29,15013378,65,58646,NIFTY,0.05,
1927,NIFTY26DEC21000PE,PE,21000,2026-12-29,15013634,65,58647,NIFTY,0.05,
1928,NIFTY26DEC25000CE,CE,25000,2026-12-29,18304770,65,71503,NIFTY,0.05,
1929,NIFTY26DEC25000PE,PE,25000,2026-12-29,18305026,65,71504,NIFTY,0.05,
1930,NIFTY26DEC20000CE,CE,20000,2026-12-29,15012866,65,58644,NIFTY,0.05,
1931,NIFTY26DEC20000PE,PE,20000,2026-12-29,15013122,65,58645,NIFTY,0.05,
1932,NIFTY26DEC25500CE,CE,25500,2026-12-29,14163970,65,55328,NIFTY,0.05,
1933,NIFTY26DEC25500PE,PE,25500,2026-12-29,14164226,65,55329,NIFTY,0.05,
1934,NIFTY26DEC19500CE,CE,19500,2026-12-29,14162946,65,55324,NIFTY,0.05,
1935,NIFTY26DEC19500PE,PE,19500,2026-12-29,14163202,65,55325,NIFTY,0.05,
1936,NIFTY26DEC26000CE,CE,26000,2026-12-29,18305282,65,71505,NIFTY,0.05,
1937,NIFTY26DEC26000PE,PE,26000,2026-12-29,18305538,65,71506,NIFTY,0.05,
1938,NIFTY26DEC19000CE,CE,19000,2026-12-29,15012354,65,58642,NIFTY,0.05,
1939,NIFTY26DEC19000PE,PE,19000,2026-12-29,15012610,65,58643,NIFTY,0.05,
1940,NIFTY26DEC27000CE,CE,27000,2026-12-29,13050370,65,50978,NIFTY,0.05,
1941,NIFTY26DEC27000PE,PE,27000,2026-12-29,13050626,65,50979,NIFTY,0.05,
1942,NIFTY26DEC18000CE,CE,18000,2026-12-29,15011842,65,58640,NIFTY,0.05,
1943,NIFTY26DEC18000PE,PE,18000,2026-12-29,15012098,65,58641,NIFTY,0.05,
1944,NIFTY26DEC28000CE,CE,28000,2026-12-29,12940034,65,50547,NIFTY,0.05,
1945,NIFTY26DEC28000PE,PE,28000,2026-12-29,12940290,65,50548,NIFTY,0.05,
1946,NIFTY26DEC17000PE,PE,17000,2026-12-29,15011586,65,58639,NIFTY,0.05,
1947,NIFTY26DEC28500PE,PE,28500,2026-12-29,14164738,65,55331,NIFTY,0.05,
1948,NIFTY26DEC16500CE,CE,16500,2026-12-29,14162434,65,55322,NIFTY,0.05,
1949,NIFTY26DEC34500CE,CE,34500,2026-12-29,14166018,65,55336,NIFTY,0.05,
1950,NIFTY26DEC34500PE,PE,34500,2026-12-29,14166274,65,55337,NIFTY,0.05,
1951,NIFTY26DEC33000CE,CE,33000,2026-12-29,12080642,65,47190,NIFTY,0.05,
1952,NIFTY26DEC33000PE,PE,33000,2026-12-29,12080898,65,47191,NIFTY,0.05,
1953,NIFTY26DEC31500CE,CE,31500,2026-12-29,14164994,65,55332,NIFTY,0.05,
1954,NIFTY26DEC31500PE,PE,31500,2026-12-29,14165250,65,55333,NIFTY,0.05,
1955,NIFTY26DEC31000CE,CE,31000,2026-12-29,10786818,65,42136,NIFTY,0.05,
1956,NIFTY26DEC30000CE,CE,30000,2026-12-29,9020162,65,35235,NIFTY,0.05,
1957,NIFTY26DEC30000PE,PE,30000,2026-12-29,9020674,65,35237,NIFTY,0.05,
1958,NIFTY26DEC29000CE,CE,29000,2026-12-29,9768450,65,38158,NIFTY,0.05,
1959,NIFTY26DEC29000PE,PE,29000,2026-12-29,9768706,65,38159,NIFTY,0.05,
1960,NIFTY26DEC28500CE,CE,28500,2026-12-29,14164482,65,55330,NIFTY,0.05,
1961,NIFTY26DEC16500PE,PE,16500,2026-12-29,14162690,65,55323,NIFTY,0.05,
1962,NIFTY26DEC16000CE,CE,16000,2026-12-29,15010818,65,58636,NIFTY,0.05,
1963,NIFTY26DEC16000PE,PE,16000,2026-12-29,15011074,65,58637,NIFTY,0.05,
1964,NIFTY26DEC15000CE,CE,15000,2026-12-29,15010306,65,58634,NIFTY,0.05,
1965,NIFTY26DEC15000PE,PE,15000,2026-12-29,15010562,65,58635,NIFTY,0.05,
1966,NIFTY26DEC14000PE,PE,14000,2026-12-29,15010050,65,58633,NIFTY,0.05,
1967,NIFTY26DEC13000PE,PE,13000,2026-12-29,15009538,65,58631,NIFTY,0.05,
1968,NIFTY26DEC12000PE,PE,12000,2026-12-29,15009026,65,58629,NIFTY,0.05,
1969,NIFTY27JUN22500CE,CE,22500,2027-06-29,14175746,65,55374,NIFTY,0.05,
1970,NIFTY27JUN22500PE,PE,22500,2027-06-29,14176002,65,55375,NIFTY,0.05,
1971,NIFTY27JUN24000CE,CE,24000,2027-06-29,18319362,65,71560,NIFTY,0.05,
1972,NIFTY27JUN24000PE,PE,24000,2027-06-29,18319618,65,71561,NIFTY,0.05,
1973,NIFTY27JUN21000CE,CE,21000,2027-06-29,18317570,65,71553,NIFTY,0.05,
1974,NIFTY27JUN21000PE,PE,21000,2027-06-29,18317826,65,71554,NIFTY,0.05,
1975,NIFTY27JUN25500CE,CE,25500,2027-06-29,14176258,65,55376,NIFTY,0.05,
1976,NIFTY27JUN25500PE,PE,25500,2027-06-29,14176514,65,55377,NIFTY,0.05,
1977,NIFTY27JUN19500CE,CE,19500,2027-06-29,14175234,65,55372,NIFTY,0.05,
1978,NIFTY27JUN19500PE,PE,19500,2027-06-29,14175490,65,55373,NIFTY,0.05,
1979,NIFTY27JUN19000CE,CE,19000,2027-06-29,18316546,65,71549,NIFTY,0.05,
1980,NIFTY27JUN19000PE,PE,19000,2027-06-29,18316802,65,71550,NIFTY,0.05,
1981,NIFTY27JUN27000CE,CE,27000,2027-06-29,13051138,65,50981,NIFTY,0.05,
1982,NIFTY27JUN27000PE,PE,27000,2027-06-29,13051906,65,50984,NIFTY,0.05,
1983,NIFTY27JUN18000CE,CE,18000,2027-06-29,18316034,65,71547,NIFTY,0.05,
1984,NIFTY27JUN18000PE,PE,18000,2027-06-29,18316290,65,71548,NIFTY,0.05,
1985,NIFTY27JUN28500CE,CE,28500,2027-06-29,14176770,65,55378,NIFTY,0.05,
1986,NIFTY27JUN28500PE,PE,28500,2027-06-29,14177026,65,55379,NIFTY,0.05,
1987,NIFTY27JUN16500CE,CE,16500,2027-06-29,14174210,65,55368,NIFTY,0.05,
1988,NIFTY27JUN16500PE,PE,16500,2027-06-29,14174978,65,55371,NIFTY,0.05,
1989,NIFTY27JUN30000CE,CE,30000,2027-06-29,9027074,65,35262,NIFTY,0.05,
1990,NIFTY27JUN30000PE,PE,30000,2027-06-29,9027330,65,35263,NIFTY,0.05,
1991,NIFTY27JUN15000CE,CE,15000,2027-06-29,18314242,65,71540,NIFTY,0.05,
1992,NIFTY27JUN15000PE,PE,15000,2027-06-29,18314498,65,71541,NIFTY,0.05,
1993,NIFTY27JUN31500CE,CE,31500,2027-06-29,14177282,65,55380,NIFTY,0.05,
1994,NIFTY27JUN31500PE,PE,31500,2027-06-29,14177538,65,55381,NIFTY,0.05,
1995,NIFTY27JUN33000CE,CE,33000,2027-06-29,12081154,65,47192,NIFTY,0.05,
1996,NIFTY27JUN33000PE,PE,33000,2027-06-29,12081410,65,47193,NIFTY,0.05,
1997,NIFTY27JUN34500PE,PE,34500,2027-06-29,14178562,65,55385,NIFTY,0.05,
1998,NIFTY27JUN34500CE,CE,34500,2027-06-29,14178306,65,55384,NIFTY,0.05,
1999,NIFTY27DEC22500CE,CE,22500,2027-12-28,14188546,65,55424,NIFTY,0.05,
2000,NIFTY27DEC22500PE,PE,22500,2027-12-28,14188802,65,55425,NIFTY,0.05,
2001,NIFTY27DEC23000PE,PE,23000,2027-12-28,13726466,65,53619,NIFTY,0.05,
2002,NIFTY27DEC22000PE,PE,22000,2027-12-28,13725954,65,53617,NIFTY,0.05,
2003,NIFTY27DEC24000CE,CE,24000,2027-12-28,13727746,65,53624,NIFTY,0.05,
2004,NIFTY27DEC24000PE,PE,24000,2027-12-28,13728002,65,53625,NIFTY,0.05,
2005,NIFTY27DEC21000CE,CE,21000,2027-12-28,13724930,65,53613,NIFTY,0.05,
2006,NIFTY27DEC21000PE,PE,21000,2027-12-28,13725442,65,53615,NIFTY,0.05,
2007,NIFTY27DEC25000CE,CE,25000,2027-12-28,13728258,65,53626,NIFTY,0.05,
2008,NIFTY27DEC25000PE,PE,25000,2027-12-28,13728514,65,53627,NIFTY,0.05,
2009,NIFTY27DEC20000PE,PE,20000,2027-12-28,13724418,65,53611,NIFTY,0.05,
2010,NIFTY27DEC25500CE,CE,25500,2027-12-28,14189058,65,55426,NIFTY,0.05,
2011,NIFTY27DEC25500PE,PE,25500,2027-12-28,14189314,65,55427,NIFTY,0.05,
2012,NIFTY27DEC19500CE,CE,19500,2027-12-28,14188034,65,55422,NIFTY,0.05,
2013,NIFTY27DEC19500PE,PE,19500,2027-12-28,14188290,65,55423,NIFTY,0.05,
2014,NIFTY27DEC26000CE,CE,26000,2027-12-28,13728770,65,53628,NIFTY,0.05,
2015,NIFTY27DEC26000PE,PE,26000,2027-12-28,13729282,65,53630,NIFTY,0.05,
2016,NIFTY27DEC19000PE,PE,19000,2027-12-28,13723138,65,53606,NIFTY,0.05,
2017,NIFTY27DEC27000CE,CE,27000,2027-12-28,13729538,65,53631,NIFTY,0.05,
2018,NIFTY27DEC27000PE,PE,27000,2027-12-28,13729794,65,53632,NIFTY,0.05,
2019,NIFTY27DEC18000CE,CE,18000,2027-12-28,13722370,65,53603,NIFTY,0.05,
2020,NIFTY27DEC18000PE,PE,18000,2027-12-28,13722626,65,53604,NIFTY,0.05,
2021,NIFTY27DEC17000PE,PE,17000,2027-12-28,13722114,65,53602,NIFTY,0.05,
2022,NIFTY27DEC28500CE,CE,28500,2027-12-28,14189570,65,55428,NIFTY,0.05,
2023,NIFTY27DEC28500PE,PE,28500,2027-12-28,14189826,65,55429,NIFTY,0.05,
2024,NIFTY27DEC16500CE,CE,16500,2027-12-28,14187010,65,55418,NIFTY,0.05,
2025,NIFTY27DEC16500PE,PE,16500,2027-12-28,14187778,65,55421,NIFTY,0.05,
2026,NIFTY27DEC30000CE,CE,30000,2027-12-28,9048578,65,35346,NIFTY,0.05,
2027,NIFTY27DEC30000PE,PE,30000,2027-12-28,9048834,65,35347,NIFTY,0.05,
2028,NIFTY27DEC15000CE,CE,15000,2027-12-28,13719298,65,53591,NIFTY,0.05,
2029,NIFTY27DEC15000PE,PE,15000,2027-12-28,13720322,65,53595,NIFTY,0.05,
2030,NIFTY27DEC34500CE,CE,34500,2027-12-28,14192130,65,55438,NIFTY,0.05,
2031,NIFTY27DEC34500PE,PE,34500,2027-12-28,14192386,65,55439,NIFTY,0.05,
2032,NIFTY27DEC33000CE,CE,33000,2027-12-28,12081666,65,47194,NIFTY,0.05,
2033,NIFTY27DEC33000PE,PE,33000,2027-12-28,12081922,65,47195,NIFTY,0.05,
2034,NIFTY27DEC31500CE,CE,31500,2027-12-28,14190082,65,55430,NIFTY,0.05,
2035,NIFTY27DEC31500PE,PE,31500,2027-12-28,14190338,65,55431,NIFTY,0.05,
2036,NIFTY28JUN30000CE,CE,30000,2028-06-27,9050114,65,35352,NIFTY,0.05,
2037,NIFTY28JUN30000PE,PE,30000,2028-06-27,9050370,65,35353,NIFTY,0.05,
2038,NIFTY28JUN33000CE,CE,33000,2028-06-27,12082178,65,47196,NIFTY,0.05,
2039,NIFTY28JUN33000PE,PE,33000,2028-06-27,12082434,65,47197,NIFTY,0.05,
2040,NIFTY28JUN16500CE,CE,16500,2028-06-27,14199810,65,55468,NIFTY,0.05,
2041,NIFTY28JUN16500PE,PE,16500,2028-06-27,14200066,65,55469,NIFTY,0.05,
2042,NIFTY28JUN19500CE,CE,19500,2028-06-27,14200322,65,55470,NIFTY,0.05,
2043,NIFTY28JUN19500PE,PE,19500,2028-06-27,14200578,65,55471,NIFTY,0.05,
2044,NIFTY28JUN22500CE,CE,22500,2028-06-27,14200834,65,55472,NIFTY,0.05,
2045,NIFTY28JUN22500PE,PE,22500,2028-06-27,14201602,65,55475,NIFTY,0.05,
2046,NIFTY28JUN25500CE,CE,25500,2028-06-27,14201858,65,55476,NIFTY,0.05,
2047,NIFTY28JUN25500PE,PE,25500,2028-06-27,14202114,65,55477,NIFTY,0.05,
2048,NIFTY28JUN28500CE,CE,28500,2028-06-27,14202370,65,55478,NIFTY,0.05,
2049,NIFTY28JUN28500PE,PE,28500,2028-06-27,14202626,65,55479,NIFTY,0.05,
2050,NIFTY28JUN31500CE,CE,31500,2028-06-27,14202882,65,55480,NIFTY,0.05,
2051,NIFTY28JUN31500PE,PE,31500,2028-06-27,14203138,65,55481,NIFTY,0.05,
2052,NIFTY28JUN34500CE,CE,34500,2028-06-27,14203394,65,55482,NIFTY,0.05,
2053,NIFTY28JUN34500PE,PE,34500,2028-06-27,14203650,65,55483,NIFTY,0.05,
2054,NIFTY28JUN15000CE,CE,15000,2028-06-27,22050050,65,86133,NIFTY,0.05,
2055,NIFTY28JUN15000PE,PE,15000,2028-06-27,22050306,65,86134,NIFTY,0.05,
2056,NIFTY28JUN18000CE,CE,18000,2028-06-27,22051586,65,86139,NIFTY,0.05,
2057,NIFTY28JUN18000PE,PE,18000,2028-06-27,22051842,65,86140,NIFTY,0.05,
2058,NIFTY28JUN21000CE,CE,21000,2028-06-27,22053122,65,86145,NIFTY,0.05,
2059,NIFTY28JUN21000PE,PE,21000,2028-06-27,22053378,65,86146,NIFTY,0.05,
2060,NIFTY28JUN22000PE,PE,22000,2028-06-27,22053890,65,86148,NIFTY,0.05,
2061,NIFTY28JUN24000CE,CE,24000,2028-06-27,22054658,65,86151,NIFTY,0.05,
2062,NIFTY28JUN24000PE,PE,24000,2028-06-27,22054914,65,86152,NIFTY,0.05,
2063,NIFTY28JUN27000CE,CE,27000,2028-06-27,22057730,65,86163,NIFTY,0.05,
2064,NIFTY28JUN27000PE,PE,27000,2028-06-27,22057986,65,86164,NIFTY,0.05,
2065,NIFTY28DEC22500CE,CE,22500,2028-12-26,14213122,65,55520,NIFTY,0.05,
2066,NIFTY28DEC22500PE,PE,22500,2028-12-26,14213378,65,55521,NIFTY,0.05,
2067,NIFTY28DEC23000PE,PE,23000,2028-12-26,17351938,65,67781,NIFTY,0.05,
2068,NIFTY28DEC22000PE,PE,22000,2028-12-26,17351426,65,67779,NIFTY,0.05,
2069,NIFTY28DEC24000CE,CE,24000,2028-12-26,17352194,65,67782,NIFTY,0.05,
2070,NIFTY28DEC24000PE,PE,24000,2028-12-26,17352450,65,67783,NIFTY,0.05,
2071,NIFTY28DEC21000CE,CE,21000,2028-12-26,17350658,65,67776,NIFTY,0.05,
2072,NIFTY28DEC21000PE,PE,21000,2028-12-26,17350914,65,67777,NIFTY,0.05,
2073,NIFTY28DEC25000PE,PE,25000,2028-12-26,17352962,65,67785,NIFTY,0.05,
2074,NIFTY28DEC20000PE,PE,20000,2028-12-26,17350402,65,67775,NIFTY,0.05,
2075,NIFTY28DEC25500CE,CE,25500,2028-12-26,14213634,65,55522,NIFTY,0.05,
2076,NIFTY28DEC25500PE,PE,25500,2028-12-26,14213890,65,55523,NIFTY,0.05,
2077,NIFTY28DEC19500CE,CE,19500,2028-12-26,14212610,65,55518,NIFTY,0.05,
2078,NIFTY28DEC19500PE,PE,19500,2028-12-26,14212866,65,55519,NIFTY,0.05,
2079,NIFTY28DEC26000PE,PE,26000,2028-12-26,17353474,65,67787,NIFTY,0.05,
2080,NIFTY28DEC27000CE,CE,27000,2028-12-26,17353730,65,67788,NIFTY,0.05,
2081,NIFTY28DEC27000PE,PE,27000,2028-12-26,17353986,65,67789,NIFTY,0.05,
2082,NIFTY28DEC18000CE,CE,18000,2028-12-26,17349122,65,67770,NIFTY,0.05,
2083,NIFTY28DEC18000PE,PE,18000,2028-12-26,17349378,65,67771,NIFTY,0.05,
2084,NIFTY28DEC28000CE,CE,28000,2028-12-26,17354242,65,67790,NIFTY,0.05,
2085,NIFTY28DEC28500CE,CE,28500,2028-12-26,14214146,65,55524,NIFTY,0.05,
2086,NIFTY28DEC28500PE,PE,28500,2028-12-26,14214402,65,55525,NIFTY,0.05,
2087,NIFTY28DEC16500CE,CE,16500,2028-12-26,14212098,65,55516,NIFTY,0.05,
2088,NIFTY28DEC16500PE,PE,16500,2028-12-26,14212354,65,55517,NIFTY,0.05,
2089,NIFTY28DEC30000CE,CE,30000,2028-12-26,17355266,65,67794,NIFTY,0.05,
2090,NIFTY28DEC30000PE,PE,30000,2028-12-26,17355522,65,67795,NIFTY,0.05,
2091,NIFTY28DEC15000CE,CE,15000,2028-12-26,17347586,65,67764,NIFTY,0.05,
2092,NIFTY28DEC15000PE,PE,15000,2028-12-26,17347842,65,67765,NIFTY,0.05,
2093,NIFTY28DEC31500PE,PE,31500,2028-12-26,14214914,65,55527,NIFTY,0.05,
2094,NIFTY28DEC34500CE,CE,34500,2028-12-26,14215170,65,55528,NIFTY,0.05,
2095,NIFTY28DEC34500PE,PE,34500,2028-12-26,14215426,65,55529,NIFTY,0.05,
2096,NIFTY28DEC33000CE,CE,33000,2028-12-26,12082690,65,47198,NIFTY,0.05,
2097,NIFTY28DEC33000PE,PE,33000,2028-12-26,12082946,65,47199,NIFTY,0.05,
2098,NIFTY28DEC31500CE,CE,31500,2028-12-26,14214658,65,55526,NIFTY,0.05,
2099,NIFTY29JUN16500CE,CE,16500,2029-06-26,14222338,65,55556,NIFTY,0.05,
2100,NIFTY29JUN16500PE,PE,16500,2029-06-26,14222594,65,55557,NIFTY,0.05,
2101,NIFTY29JUN19500CE,CE,19500,2029-06-26,14222850,65,55558,NIFTY,0.05,
2102,NIFTY29JUN19500PE,PE,19500,2029-06-26,14223106,65,55559,NIFTY,0.05,
2103,NIFTY29JUN22500CE,CE,22500,2029-06-26,14223362,65,55560,NIFTY,0.05,
2104,NIFTY29JUN22500PE,PE,22500,2029-06-26,14223618,65,55561,NIFTY,0.05,
2105,NIFTY29JUN25500CE,CE,25500,2029-06-26,14223874,65,55562,NIFTY,0.05,
2106,NIFTY29JUN25500PE,PE,25500,2029-06-26,14224130,65,55563,NIFTY,0.05,
2107,NIFTY29JUN28500CE,CE,28500,2029-06-26,14224386,65,55564,NIFTY,0.05,
2108,NIFTY29JUN28500PE,PE,28500,2029-06-26,14224642,65,55565,NIFTY,0.05,
2109,NIFTY29JUN31500CE,CE,31500,2029-06-26,14224898,65,55566,NIFTY,0.05,
2110,NIFTY29JUN31500PE,PE,31500,2029-06-26,14225154,65,55567,NIFTY,0.05,
2111,NIFTY29JUN34500CE,CE,34500,2029-06-26,14225410,65,55568,NIFTY,0.05,
2112,NIFTY29JUN34500PE,PE,34500,2029-06-26,14225666,65,55569,NIFTY,0.05,
2113,NIFTY29JUN15000CE,CE,15000,2029-06-26,22939138,65,89606,NIFTY,0.05,
2114,NIFTY29JUN15000PE,PE,15000,2029-06-26,22939394,65,89607,NIFTY,0.05,
2115,NIFTY29JUN18000CE,CE,18000,2029-06-26,22940674,65,89612,NIFTY,0.05,
2116,NIFTY29JUN18000PE,PE,18000,2029-06-26,22940930,65,89613,NIFTY,0.05,
2117,NIFTY29JUN21000CE,CE,21000,2029-06-26,22943746,65,89624,NIFTY,0.05,
2118,NIFTY29JUN21000PE,PE,21000,2029-06-26,22944002,65,89625,NIFTY,0.05,
2119,NIFTY29JUN24000CE,CE,24000,2029-06-26,22945282,65,89630,NIFTY,0.05,
2120,NIFTY29JUN24000PE,PE,24000,2029-06-26,22945538,65,89631,NIFTY,0.05,
2121,NIFTY29JUN26000PE,PE,26000,2029-06-26,22946562,65,89635,NIFTY,0.05,
2122,NIFTY29JUN27000CE,CE,27000,2029-06-26,22946818,65,89636,NIFTY,0.05,
2123,NIFTY29JUN27000PE,PE,27000,2029-06-26,22947074,65,89637,NIFTY,0.05,
2124,NIFTY29JUN30000CE,CE,30000,2029-06-26,22948354,65,89642,NIFTY,0.05,
2125,NIFTY29JUN30000PE,PE,30000,2029-06-26,22948610,65,89643,NIFTY,0.05,
2126,NIFTY29JUN33000CE,CE,33000,2029-06-26,22949890,65,89648,NIFTY,0.05,
2127,NIFTY29JUN33000PE,PE,33000,2029-06-26,22950146,65,89649,NIFTY,0.05,
2128,NIFTY29DEC22500CE,CE,22500,2029-12-24,14234114,65,55602,NIFTY,0.05,
2129,NIFTY29DEC22500PE,PE,22500,2029-12-24,14234370,65,55603,NIFTY,0.05,
2130,NIFTY29DEC23000PE,PE,23000,2029-12-24,15807234,65,61747,NIFTY,0.05,
2131,NIFTY29DEC24000CE,CE,24000,2029-12-24,15807490,65,61748,NIFTY,0.05,
2132,NIFTY29DEC24000PE,PE,24000,2029-12-24,15807746,65,61749,NIFTY,0.05,
2133,NIFTY29DEC21000CE,CE,21000,2029-12-24,15784706,65,61659,NIFTY,0.05,
2134,NIFTY29DEC21000PE,PE,21000,2029-12-24,15784962,65,61660,NIFTY,0.05,
2135,NIFTY29DEC25000PE,PE,25000,2029-12-24,15813890,65,61773,NIFTY,0.05,
2136,NIFTY29DEC25500CE,CE,25500,2029-12-24,14234626,65,55604,NIFTY,0.05,
2137,NIFTY29DEC25500PE,PE,25500,2029-12-24,14234882,65,55605,NIFTY,0.05,
2138,NIFTY29DEC19500CE,CE,19500,2029-12-24,14233602,65,55600,NIFTY,0.05,
2139,NIFTY29DEC19500PE,PE,19500,2029-12-24,14233858,65,55601,NIFTY,0.05,
2140,NIFTY29DEC26000PE,PE,26000,2029-12-24,15815426,65,61779,NIFTY,0.05,
2141,NIFTY29DEC27000CE,CE,27000,2029-12-24,15819266,65,61794,NIFTY,0.05,
2142,NIFTY29DEC27000PE,PE,27000,2029-12-24,15819522,65,61795,NIFTY,0.05,
2143,NIFTY29DEC18000CE,CE,18000,2029-12-24,15715842,65,61390,NIFTY,0.05,
2144,NIFTY29DEC18000PE,PE,18000,2029-12-24,15716098,65,61391,NIFTY,0.05,
2145,NIFTY29DEC28500CE,CE,28500,2029-12-24,14235138,65,55606,NIFTY,0.05,
2146,NIFTY29DEC28500PE,PE,28500,2029-12-24,14235394,65,55607,NIFTY,0.05,
2147,NIFTY29DEC16500CE,CE,16500,2029-12-24,14233090,65,55598,NIFTY,0.05,
2148,NIFTY29DEC16500PE,PE,16500,2029-12-24,14233346,65,55599,NIFTY,0.05,
2149,NIFTY29DEC30000CE,CE,30000,2029-12-24,15854594,65,61932,NIFTY,0.05,
2150,NIFTY29DEC30000PE,PE,30000,2029-12-24,15854850,65,61933,NIFTY,0.05,
2151,NIFTY29DEC15000CE,CE,15000,2029-12-24,15711746,65,61374,NIFTY,0.05,
2152,NIFTY29DEC15000PE,PE,15000,2029-12-24,15712002,65,61375,NIFTY,0.05,
2153,NIFTY29DEC31500CE,CE,31500,2029-12-24,14235650,65,55608,NIFTY,0.05,
2154,NIFTY29DEC31500PE,PE,31500,2029-12-24,14235906,65,55609,NIFTY,0.05,
2155,NIFTY29DEC34500CE,CE,34500,2029-12-24,14236162,65,55610,NIFTY,0.05,
2156,NIFTY29DEC34500PE,PE,34500,2029-12-24,14236418,65,55611,NIFTY,0.05,
2157,NIFTY29DEC33000CE,CE,33000,2029-12-24,15873538,65,62006,NIFTY,0.05,
2158,NIFTY29DEC33000PE,PE,33000,2029-12-24,15873794,65,62007,NIFTY,0.05,
2159,NIFTY30JUN16500CE,CE,16500,2030-06-25,14243842,65,55640,NIFTY,0.05,
2160,NIFTY30JUN16500PE,PE,16500,2030-06-25,14244098,65,55641,NIFTY,0.05,
2161,NIFTY30JUN19500CE,CE,19500,2030-06-25,14244354,65,55642,NIFTY,0.05,
2162,NIFTY30JUN19500PE,PE,19500,2030-06-25,14244610,65,55643,NIFTY,0.05,
2163,NIFTY30JUN22500CE,CE,22500,2030-06-25,14244866,65,55644,NIFTY,0.05,
2164,NIFTY30JUN22500PE,PE,22500,2030-06-25,14245122,65,55645,NIFTY,0.05,
2165,NIFTY30JUN25500CE,CE,25500,2030-06-25,14245378,65,55646,NIFTY,0.05,
2166,NIFTY30JUN25500PE,PE,25500,2030-06-25,14245634,65,55647,NIFTY,0.05,
2167,NIFTY30JUN28500CE,CE,28500,2030-06-25,14245890,65,55648,NIFTY,0.05,
2168,NIFTY30JUN28500PE,PE,28500,2030-06-25,14246146,65,55649,NIFTY,0.05,
2169,NIFTY30JUN31500CE,CE,31500,2030-06-25,14246402,65,55650,NIFTY,0.05,
2170,NIFTY30JUN31500PE,PE,31500,2030-06-25,14246658,65,55651,NIFTY,0.05,
2171,NIFTY30JUN34500CE,CE,34500,2030-06-25,14246914,65,55652,NIFTY,0.05,
2172,NIFTY30JUN34500PE,PE,34500,2030-06-25,14247170,65,55653,NIFTY,0.05,
2173,NIFTY30JUN15000CE,CE,15000,2030-06-25,15586818,65,60886,NIFTY,0.05,
2174,NIFTY30JUN15000PE,PE,15000,2030-06-25,15587074,65,60887,NIFTY,0.05,
2175,NIFTY30JUN18000CE,CE,18000,2030-06-25,15588354,65,60892,NIFTY,0.05,
2176,NIFTY30JUN18000PE,PE,18000,2030-06-25,15588610,65,60893,NIFTY,0.05,
2177,NIFTY30JUN21000CE,CE,21000,2030-06-25,15589890,65,60898,NIFTY,0.05,
2178,NIFTY30JUN21000PE,PE,21000,2030-06-25,15590146,65,60899,NIFTY,0.05,
2179,NIFTY30JUN24000CE,CE,24000,2030-06-25,15591426,65,60904,NIFTY,0.05,
2180,NIFTY30JUN24000PE,PE,24000,2030-06-25,15591682,65,60905,NIFTY,0.05,
2181,NIFTY30JUN27000CE,CE,27000,2030-06-25,15592962,65,60910,NIFTY,0.05,
2182,NIFTY30JUN27000PE,PE,27000,2030-06-25,15593218,65,60911,NIFTY,0.05,
2183,NIFTY30JUN30000CE,CE,30000,2030-06-25,15599618,65,60936,NIFTY,0.05,
2184,NIFTY30JUN30000PE,PE,30000,2030-06-25,15600386,65,60939,NIFTY,0.05,
2185,NIFTY30JUN33000CE,CE,33000,2030-06-25,15601666,65,60944,NIFTY,0.05,
2186,NIFTY30JUN33000PE,PE,33000,2030-06-25,15601922,65,60945,NIFTY,0.05,
2187,NIFTY30DEC15000CE,CE,15000,2030-12-31,14257666,65,55694,NIFTY,0.05,
2188,NIFTY30DEC15000PE,PE,15000,2030-12-31,14257922,65,55695,NIFTY,0.05,
2189,NIFTY30DEC16500CE,CE,16500,2030-12-31,14258178,65,55696,NIFTY,0.05,
2190,NIFTY30DEC16500PE,PE,16500,2030-12-31,14258434,65,55697,NIFTY,0.05,
2191,NIFTY30DEC18000CE,CE,18000,2030-12-31,14258690,65,55698,NIFTY,0.05,
2192,NIFTY30DEC18000PE,PE,18000,2030-12-31,14258946,65,55699,NIFTY,0.05,
2193,NIFTY30DEC19500CE,CE,19500,2030-12-31,14259202,65,55700,NIFTY,0.05,
2194,NIFTY30DEC19500PE,PE,19500,2030-12-31,14259458,65,55701,NIFTY,0.05,
2195,NIFTY30DEC21000CE,CE,21000,2030-12-31,14259714,65,55702,NIFTY,0.05,
2196,NIFTY30DEC21000PE,PE,21000,2030-12-31,14259970,65,55703,NIFTY,0.05,
2197,NIFTY30DEC22500CE,CE,22500,2030-12-31,14260226,65,55704,NIFTY,0.05,
2198,NIFTY30DEC22500PE,PE,22500,2030-12-31,14260482,65,55705,NIFTY,0.05,
2199,NIFTY30DEC24000CE,CE,24000,2030-12-31,14273026,65,55754,NIFTY,0.05,
2200,NIFTY30DEC24000PE,PE,24000,2030-12-31,14273282,65,55755,NIFTY,0.05,
2201,NIFTY30DEC25500CE,CE,25500,2030-12-31,14273538,65,55756,NIFTY,0.05,
2202,NIFTY30DEC25500PE,PE,25500,2030-12-31,14273794,65,55757,NIFTY,0.05,
2203,NIFTY30DEC27000CE,CE,27000,2030-12-31,14274050,65,55758,NIFTY,0.05,
2204,NIFTY30DEC27000PE,PE,27000,2030-12-31,14274306,65,55759,NIFTY,0.05,
2205,NIFTY30DEC28500CE,CE,28500,2030-12-31,14274562,65,55760,NIFTY,0.05,
2206,NIFTY30DEC28500PE,PE,28500,2030-12-31,14274818,65,55761,NIFTY,0.05,
2207,NIFTY30DEC30000CE,CE,30000,2030-12-31,14275074,65,55762,NIFTY,0.05,
2208,NIFTY30DEC30000PE,PE,30000,2030-12-31,14275330,65,55763,NIFTY,0.05,
2209,NIFTY30DEC31500CE,CE,31500,2030-12-31,14275586,65,55764,NIFTY,0.05,
2210,NIFTY30DEC31500PE,PE,31500,2030-12-31,14275842,65,55765,NIFTY,0.05,
2211,NIFTY30DEC33000CE,CE,33000,2030-12-31,14276098,65,55766,NIFTY,0.05,
2212,NIFTY30DEC33000PE,PE,33000,2030-12-31,14276354,65,55767,NIFTY,0.05,
2213,NIFTY30DEC34500CE,CE,34500,2030-12-31,14277122,65,55770,NIFTY,0.05,
2214,NIFTY30DEC34500PE,PE,34500,2030-12-31,14277378,65,55771,NIFTY,0.05,